ticker,sleeve,name,asset_class,frequency,alpha,resid_vol,total_vol,r2,w_workbook,factor_excess_cma,rf_rate,pe_factor_exposure,long_only_betas,FactorPrior1,FactorPrior2,w_paper,equity_regional_addon,factor_for_prior
LGTRTRUH Index,Global Government,Govt Global USD,Bonds,ME,-0.005602147953920287,0.009656849619506119,0.03576404504952621,0.9300691682366959,0.0,0.00758992406411025,0.041811,False,True,Rates,,0.0,0.0,Rates
LGCPTRUH Index,Global IG Bonds,IG Corp Global USD,Bonds,ME,-0.01656988259925016,0.01878283438417701,0.05566722563459602,0.8691572585306935,0.0,0.0198923177487787,0.041811,False,True,Credit IG,,0.0,0.0,Credit IG
H23059US Index,Global HY Bonds,HY Global USD,Bonds,ME,-0.00649424310704661,0.02305880084938389,0.05646969524632873,0.8199179000633463,0.0,0.02718007196096641,0.041811,False,True,Credit HY,,0.0,0.0,Credit HY
H04386US Index,EM HC Bonds,EM Bonds HC USD,Bonds,ME,-0.0005134593551991222,0.02192499229965541,0.06649727709388879,0.8731274168376305,0.0,0.02902233844585721,0.041811,False,True,Credit EM,,0.0,0.0,Credit EM
LF94TRUH Index,Global Inflation-Linked,IL Bonds Global USD,Bonds,ME,-0.001909161348925474,0.02231471983954311,0.05736545699567284,0.8382894248526181,0.0,0.01515849837911666,0.041811,False,True,Rates,Inflation,0.0,0.0,Rates + Inflation
NDDUUS Index,US,EQ US,Equities,ME,0.01712249578666558,0.04059784976319678,0.1669740649880617,0.9211000479636182,0.0,0.04487725603223845,0.041811,False,True,Equity,,0.0,0.001278739560113087,Equity
MSDEXKSN Index,Europe ex-UK,EQ EU xUK xSwiss,Equities,ME,-0.002066477232961656,0.07399373164955035,0.1886202616713417,0.7953259633935893,0.0,0.04589120580215161,0.041811,False,True,Equity,,0.0,0.00782374803835109,Equity
NDDLUK Index,UK,EQ UK,Equities,ME,0.01504361793489884,0.07959094635627602,0.1542092152343005,0.6564337339992705,0.0,0.05476427901716131,0.041811,False,True,Equity,,0.0,0.02273374151475179,Equity
NDDLSZ Index,Switzerland,EQ Swiss MSCI,Equities,ME,0.01056789224438748,0.07884799057966967,0.1708953469437785,0.7374106288451932,0.0,0.05474361058148876,0.041811,False,True,Equity,,0.0,0.01644501220985108,Equity
NDDLJN Index,Japan,EQ Japan,Equities,ME,0.03744682020494045,0.08801616436369138,0.1751539211945196,0.6890299367823709,0.0,0.04024707189868675,0.041811,False,True,Equity,,0.0,0.009329805134026417,Equity
M1APJ Index,Asia ex-Japan,EQ AC Asia xJP,Equities,ME,0.04068759744229158,0.1119401771879601,0.2118561520362337,0.6540581385052264,0.0,0.0427419724439762,0.041811,False,True,Equity,,0.0,0.006466433090459915,Equity
M1EFZ Index,EM ex-Asia,EQ EM xAsia,Equities,ME,-0.05388304060399005,0.1005214779050384,0.1838476498409494,0.6224296066040448,0.0,0.05883623087256763,0.041811,False,True,Equity,,0.0,0.02055625600579642,Equity
MP503001 Index,Private Equity,PE MSCI,Alternatives,QE,0.00826155442220678,0.1139921667375146,0.1786324230446932,0.6115498081512485,0.5,0.07479316835603521,0.041811,True,True,Private Equity,,0.5,0.0,Private Equity
MP503008 Index,Private Credit,PC MSCI,Alternatives,QE,0.02490944408605075,0.04426278447352225,0.0692390640820961,0.6681190844974307,0.5,0.02313350919793694,0.041811,True,True,Private Equity,,0.5,0.0,Private Equity
MP503009 Index,Real Estate,PE Real Estate,Alternatives,QE,-0.00624989820955121,0.06332905915710357,0.08979570629561383,0.537211566245597,0.0,0.02498295987760368,0.041811,True,True,Private Equity,,0.0,0.0,Private Equity
EHFI804 Index,Insurance-Linked,ILS Eureka,Alternatives,QE,0.03451350167091842,0.048752122297363,0.05478276318996659,0.1644987937883904,1.0,0.002821632549184793,0.041811,False,True,,,1.0,0.0,
HFRIFWI Index,Hedge Funds,HF HFRI,Alternatives,ME,0.0191066212124189,0.02773951282587973,0.06374715834818982,0.7658086731395202,1.0,0.01470738052762765,0.041811,False,False,,,1.0,0.0,
BCOMGCTR Index,Gold,Gold USD,Alternatives,ME,0.1021159348278037,0.150936300307748,0.179369480732168,0.3028365470174835,0.25,0.01737227799868007,0.041811,False,False,,,0.25,0.0,
