,base,stress,upside
Equity,0.03767448783412046,-0.03839440795652198,0.03082003987523194
Rates,0.01003737302900315,-0.03822870818370137,0.001002104742650722
Credit IG,0.01683112217335243,-0.0003576001563890152,0.01463456213999179
Credit HY,0.02366909878091687,-0.001580828090425368,0.01432195470004576
Credit EM,0.01982872793161701,-0.02159219084584261,0.005706262817896013
Carry G10,0.01019741462531575,-0.004200698526478752,0.0006548418509592313
Carry EM,0.0117169218658487,0.02624880606244964,0.008894930986537774
Inflation,0.00672828462789537,0.01624983854203315,-0.003361113262938509
Commodities,0.02282241871959738,0.02699800618730821,-0.02003739836807572
Private Equity,0.03481374996732514,-0.0101321776551053,0.01510497738503505
Rates Vol,0.01130920100187452,0.01078334642015686,-0.00261297698906624
Fx,0.0,0.0234954801545221,-0.001206577288104294
