ticker,sleeve,name,asset_class,frequency,alpha,resid_vol,total_vol,r2,w_workbook,factor_excess_cma,rf_rate,pe_factor_exposure,long_only_betas,FactorPrior1,FactorPrior2,w_paper,equity_regional_addon,factor_for_prior,expert_prior_source,expert_prior_rule
LGTRTRUH Index,Global Government,Govt Global USD,Bonds,ME,-0.0056674221627518,0.0096472580880176,0.0356311059460403,0.9302080148994948,0.0,0.0075992621960524,0.041811,False,True,,,0.0,0.0,Rates,name,government_rates
LGCPTRUH Index,Global IG Bonds,IG Corp Global USD,Bonds,ME,-0.0105483264030039,0.0180286805032894,0.0533880720891714,0.879453317876007,0.0,0.0192137685367432,0.041811,False,True,Credit IG,,0.0,0.0,Credit IG,name,investment_grade
H23059US Index,Global HY Bonds,HY Global USD,Bonds,ME,-0.0020806365971946,0.0223037578267545,0.0545269181877513,0.8315181234063175,0.0,0.0262987556250779,0.041811,False,True,Credit HY,,0.0,0.0,Credit HY,name,high_yield
H04386US Index,EM HC Bonds,EM Bonds HC USD,Bonds,ME,-0.0012803338365445,0.0217807901392483,0.0649078476970601,0.8747908277636836,0.0,0.0281758966963013,0.041811,False,True,Credit EM,,0.0,0.0,Credit EM,name,em_bonds
LF94TRUH Index,Global Inflation-Linked,IL Bonds Global USD,Bonds,ME,-0.0019852146584556,0.0223092843874423,0.0573370180239302,0.8383681946549114,0.0,0.0152138915134689,0.041811,False,True,Rates,Inflation,0.0,0.0,Rates + Inflation,name,inflation_linked
NDDUUS Index,US,EQ US,Equities,ME,0.0153780515624673,0.0398556547182736,0.1647235127778651,0.9239585183145772,0.0,0.0504593884951072,0.041811,False,True,Equity,,0.0,0.0044691560157198,Equity,name,broad_equity_name
MSDEXKSN Index,Europe ex-UK,EQ EU xUK xSwiss,Equities,ME,0.0219556158870668,0.0684630100934971,0.1734477624636892,0.8247795166940097,0.0,0.0659680335429887,0.041811,False,True,Equity,,0.0,0.0285210958845709,Equity,name,broad_equity_name
NDDLUK Index,UK,EQ UK,Equities,ME,0.0390916418452728,0.0760798912472489,0.1433139333341186,0.6860771388915464,0.0,0.07261598449664,0.041811,False,True,Equity,,0.0,0.0399615641497633,Equity,name,broad_equity_name
NDDLSZ Index,Switzerland,EQ Swiss MSCI,Equities,ME,0.0388971469787145,0.0751471396814281,0.1556659841803823,0.7614822011918592,0.0,0.0560197622380159,0.041811,False,True,Equity,,0.0,0.0277457610257562,Equity,name,broad_equity_name
NDDLJN Index,Japan,EQ Japan,Equities,ME,0.0604224065303985,0.0858768204406221,0.1658220891028763,0.7039632568861293,0.0,0.0403377818462014,0.041811,False,True,Equity,,0.0,0.0161416008366252,Equity,name,broad_equity_name
M1APJ Index,Asia ex-Japan,EQ AC Asia xJP,Equities,ME,0.0594760472637172,0.1104465894409451,0.203880533161218,0.6632281698594278,0.0,0.0531341828155988,0.041811,False,True,Equity,,0.0,0.017110816046931,Equity,name,broad_equity_name
M1EFZ Index,EM ex-Asia,EQ EM xAsia,Equities,ME,-0.0392217741728746,0.0964817167589786,0.1737366347701762,0.6521674286943697,0.0,0.0856046983401364,0.041811,False,True,Equity,,0.0,0.0432486277249773,Equity,name,broad_equity_name
MP503001 Index,Private Equity,PE MSCI,Alternatives,QE,0.0139632816660485,0.1048332617063984,0.1626544177194631,0.6349579994392831,0.5,0.0621302687830981,0.041811,True,True,,,0.5,0.0,,automatic,no_rule
MP503008 Index,Private Credit,PC MSCI,Alternatives,QE,0.0256679582216625,0.0437594643019021,0.068158376963708,0.6672526292318961,0.5,0.0223537688339728,0.041811,True,True,,,0.5,0.0,,automatic,no_rule
MP503009 Index,Real Estate,PE Real Estate,Alternatives,QE,-0.0039461697188103,0.0622286585253473,0.0891779716482605,0.5411456027323518,0.0,0.0210437648249213,0.041811,True,True,,,0.0,0.0,,automatic,no_rule
EHFI804 Index,Insurance-Linked,ILS Eureka,Alternatives,QE,0.0344450724404717,0.048642468029779,0.0547074988504747,0.1659492554689904,1.0,0.0029070226554851,0.041811,False,True,,,1.0,0.0,,automatic,no_rule
HFRIFWI Index,Hedge Funds,HF HFRI,Alternatives,ME,0.0200754869680268,0.0274716752773319,0.0619289626483193,0.7703092864722446,1.0,0.0158471076139552,0.041811,False,False,,,1.0,0.0,,automatic,no_rule
BCOMGCTR Index,Gold,Gold USD,Alternatives,ME,0.1021167968124761,0.1509364684432987,0.1793694482697499,0.302834993805617,0.25,0.017370956881804,0.041811,False,False,,,0.25,0.0,,automatic,no_rule
