# Multi-asset monthly total returns (decimal). Source: public index data [TODO: add source and attribution]. Two header rows: Asset Class, Sub Asset Class.
Instrument Name,Global Bonds,Global IG Bonds,US Treasuries,US TIPs,Global HY Bonds,EM USD Bonds,MSCI World USD,MSCI US,MSCI Japan,MSCI Asia Ex-Japan,MSCI Em ex-Asia,Asia Ex-Japan,Hedge Funds,HF Equity Hedge,HF Macro/CTA,Commodities EX-Precious,Commodities Precious,Insurance-Linked,Cash
Asset Class,Fixed Income,Fixed Income,Fixed Income,Fixed Income,Fixed Income,Fixed Income,Equity,Equity,Equity,Equity,Equity,Equity,Alternatives,Alternatives,Alternatives,Alternatives,Alternatives,Alternatives,Liquidity
Sub Asset Class,Credit,Credit,Rates,Rates,HY Credit,EM Bonds,Equity,Equity,Equity,Equity,Equity,Equity,Hedge Funds,Hedge Funds,Hedge Funds,Real Assets,Real Assets,Insurance-Linked,Rates
1999-12-31,-0.00108800,-0.00529700,-0.00664400,-0.00803000,0.02528700,0.04282000,0.08285000,0.06950400,0.06382800,,0.16878000,,0.05840300,0.09779600,0.05880800,0.02874500,-0.00726000,,0.00543500
2000-01-31,-0.00181400,-0.00352400,0.00260900,0.00444900,-0.00504900,-0.00578900,-0.05462500,-0.05401100,0.00052500,,-0.03580200,,0.00949900,-0.00069100,0.01429500,0.05421500,-0.01439100,,0.00523800
2000-02-29,0.00951100,0.00927200,0.01503800,0.00904000,0.02141700,0.04910600,0.00312200,-0.02390800,-0.00035500,,0.05555700,,0.05950400,0.07459800,0.06250100,0.01748300,0.03261000,,0.00501900
2000-03-31,0.01332900,0.00852000,0.01986000,0.02922200,-0.00070400,0.02787200,0.06606100,0.09963300,0.01063100,,-0.01012100,,0.01549500,0.03899100,0.00449600,0.00969100,-0.04749100,,0.00503700
2000-04-30,0.00087700,-0.00877400,-0.00316700,0.01333600,-0.00551200,-0.01498000,-0.04497700,-0.03274400,-0.02551300,,-0.07981800,,-0.03850200,-0.01869800,-0.07048900,-0.01227700,-0.01945600,,0.00453800
2000-05-31,0.00262900,-0.00373400,0.00153300,-0.00259200,-0.01645400,-0.02385900,-0.02561800,-0.02648800,-0.05441200,,-0.03766800,,-0.00070200,0.00020600,-0.00221000,0.06730300,-0.00413500,,0.00548900
2000-06-30,0.01243500,0.02511500,0.01685700,0.01260300,0.02969100,0.04369600,0.03356900,0.02348200,0.05018800,,0.03386000,,0.00520800,0.01389400,-0.00489700,0.02359900,0.06588100,,0.00600700
2000-07-31,0.00780300,0.01212800,0.01029900,0.00861100,0.01518400,0.02643300,-0.02986700,-0.01826300,-0.08359100,,-0.01633900,,-0.00440700,0.00610400,-0.01830200,-0.05009900,-0.04399100,,0.00601400
2000-08-31,0.00733900,0.01251300,0.01468300,0.00743600,0.01463900,0.02603100,0.03107800,0.05197400,0.03617600,,0.02826700,,0.03580500,0.03360500,0.04530900,0.09835300,0.00140600,,0.00590300
2000-09-30,0.00812800,0.00548000,0.00079200,0.00519100,-0.01098700,-0.00911700,-0.05525400,-0.05478900,-0.03703300,,-0.04746600,,-0.00220400,0.00589200,-0.01170500,-0.00621000,-0.01362400,,0.00503000
2000-10-31,0.00748800,0.00024600,0.00974900,0.01206400,-0.02865500,-0.01915800,-0.02013900,-0.00751800,-0.04814100,,-0.05239700,,-0.00950300,-0.00040000,-0.02049400,-0.02417700,-0.03264700,,0.00639900
2000-11-30,0.01682600,0.01369300,0.02049500,0.01452000,-0.02668800,-0.00037400,-0.06228900,-0.07904400,-0.02763500,,-0.12174400,,0.01780600,-0.01790100,0.04728900,0.08041700,0.02116900,,0.00560600
2000-12-31,0.01440600,0.01538700,0.01908100,0.01083300,0.02818600,0.03312100,0.01616700,-0.00197400,-0.03177800,,0.08345300,,0.05030400,0.02590800,0.08229900,0.03199500,0.00589900,,0.00582400
2001-01-31,0.01370900,0.02115200,0.00813500,0.02087000,0.06741000,0.04578000,0.02514400,0.03628700,0.00614600,0.10680000,0.09030000,0.19530000,0.02140100,0.03359200,0.01050300,-0.02349200,-0.02415200,,0.00740700
2001-02-28,0.00880200,0.00806000,0.01209000,0.01687200,0.00370700,-0.01231600,-0.08433400,-0.08971700,-0.03668400,-0.04707300,-0.09474500,-0.06018600,0.00089000,-0.00309900,-0.00050200,-0.00421400,0.00309900,,0.00482300
2001-03-31,0.00659000,0.00657300,0.00320700,0.00956400,-0.02134200,-0.01074500,-0.06767600,-0.06401800,0.03670000,-0.11074200,-0.09037500,-0.10761500,0.02200500,0.01310900,0.04440500,-0.04260600,-0.03478100,,0.00436800
2001-04-30,-0.00480500,-0.00238900,-0.01242800,0.00563900,-0.01069800,-0.00284500,0.07240100,0.07762300,0.05272800,0.02921400,0.09434200,0.00051900,0.00050200,0.00530000,-0.01120600,0.03518400,0.02354500,,0.00509800
2001-05-31,0.00595500,0.00832600,0.00311900,0.01184000,0.02071200,0.02590300,-0.01174300,0.00556200,-0.04047300,-0.00072500,0.01435100,0.00825500,-0.00010000,0.01189700,-0.02239800,-0.02097000,0.00898300,,0.00432300
2001-06-30,0.00500300,0.00544900,0.00536600,-0.00123400,-0.01394000,0.01817700,-0.03092500,-0.02307700,-0.01286400,-0.00964100,-0.02187400,-0.01969800,0.00380300,-0.00140100,0.01059900,-0.03988100,0.01937500,,0.00339600
2001-07-31,0.01479400,0.02028800,0.02494800,0.01667300,-0.01678500,-0.05681700,-0.01597100,-0.00962400,-0.07328400,-0.04113900,-0.07139900,-0.05520800,0.00679900,0.00320300,0.00880300,0.01302000,-0.01353400,,0.00366000
2001-08-31,0.00931800,0.01042500,0.01324800,0.00139700,0.02508200,0.04694000,-0.04629000,-0.06685000,-0.07092200,-0.00971600,-0.01933300,-0.00005300,0.01469800,0.00799800,0.02310700,-0.00043600,0.03013200,,0.00349800
2001-09-30,0.00803900,-0.00149100,0.01587100,0.00582300,-0.05825600,-0.03469700,-0.09160500,-0.07674200,-0.09247600,-0.14904600,-0.15940100,-0.15038900,0.00269700,-0.00510600,0.02079900,-0.06745700,0.06574500,,0.00445000
2001-10-31,0.01819000,0.01984200,0.02769800,0.02369800,0.01298700,-0.00286300,0.02109700,0.01431700,0.02537600,0.06348000,0.05668700,0.06743600,0.01419700,0.00090500,0.03149600,-0.04746600,-0.04395800,,0.00313800
2001-11-30,-0.00835200,-0.00505600,-0.02475700,-0.02226500,0.02207700,-0.00310800,0.06120800,0.07656800,0.01675400,0.11743200,0.06582100,0.14271600,-0.00659800,0.00590400,-0.02740000,0.00772500,-0.02049000,,0.00213700
2001-12-31,-0.00673100,-0.00697300,-0.00973800,-0.01165700,-0.00161600,0.00578900,0.00915400,0.00599300,-0.00735100,0.05974100,0.06651600,0.09077900,0.00360600,0.01439400,-0.00550200,-0.01969900,0.01643200,,0.00199500
2002-01-31,0.00470800,0.00642300,0.00673400,0.00591800,0.01120100,0.02047200,-0.02760800,-0.01441100,-0.05918800,0.02890600,0.01885500,0.04669800,0.00115800,-0.00209600,-0.00429200,-0.00710900,0.01284000,,0.00159200
2002-02-28,0.00531700,0.00351400,0.00900700,0.01515500,0.00179700,0.03672500,-0.00763900,-0.01999800,0.04189300,0.00639900,0.00120500,0.02889500,0.00186400,0.00709400,-0.00150400,0.02103200,0.05160800,0.01079400,0.00148200
2002-03-31,-0.01058000,-0.01260700,-0.02405800,-0.00617300,0.01735200,-0.00029300,0.04479600,0.03702700,0.04715700,0.05712300,0.04626500,0.07102500,0.02078800,0.00850700,0.06430400,0.11002100,0.02036300,0.00538800,0.00139900
2002-04-30,0.01345800,0.00947200,0.02487600,0.02727600,0.01256300,0.01013800,-0.03205100,-0.06510100,0.02519900,0.00366500,0.01129000,0.00245700,0.00649500,0.00439300,0.00319400,-0.00248100,0.01973000,0.00672400,0.00221300
2002-05-31,0.00470100,0.00855000,0.00560200,0.01590400,-0.00680600,-0.00633000,0.00078000,-0.00790500,0.02680100,0.00234100,-0.01426500,-0.01774300,0.00409000,0.00610400,-0.00039700,-0.02619300,0.05729400,0.00513000,0.00178600
2002-06-30,0.01040300,0.00287500,0.01411700,0.01415600,-0.07105100,-0.05556100,-0.06139800,-0.07658500,-0.08453400,-0.04941600,-0.11241600,-0.04473400,-0.00273700,-0.00470300,0.03059900,0.02507200,-0.04024400,0.00654900,0.00159100
2002-07-31,0.01046100,0.00051500,0.02369300,0.01653600,-0.04884600,-0.04828400,-0.08408200,-0.07220500,-0.07024200,-0.05169000,-0.12405500,-0.04036100,-0.01454200,-0.02110000,0.00059900,-0.00331500,-0.03304500,0.00487900,0.00179700
2002-08-31,0.01434100,0.02025600,0.02161900,0.03580900,0.04321100,0.07039700,0.00222300,0.00428800,-0.02049000,-0.00279800,0.05341200,-0.01105000,0.00741500,0.00850500,0.00670200,0.04068900,0.02990800,0.00714100,0.00149700
2002-09-30,0.01342100,0.01476100,0.02696200,0.02523100,-0.02212700,-0.02895000,-0.11001700,-0.11325300,-0.01911200,-0.08988900,-0.08975700,-0.12087000,-0.00019900,-0.00100500,0.00439600,0.03669400,0.03745500,0.00775200,0.00156200
2002-10-31,-0.00255000,-0.00895800,-0.01106500,-0.02669300,0.01878100,0.06282100,0.07335100,0.09036500,-0.06371800,0.05218100,0.08777600,0.04821900,0.00093200,-0.00120300,0.00329800,-0.01102900,-0.01955900,0.00741100,0.00177100
2002-11-30,0.00120400,0.01115800,-0.00990600,-0.00070800,0.05592300,0.03558200,0.05433900,0.05963900,0.04048300,0.04243100,0.07008900,0.06783100,0.01337100,0.01640500,0.00500500,0.00283100,-0.00337600,0.00689100,0.00184000
2002-12-31,0.01690300,0.02338200,0.02598400,0.03360900,0.01904600,0.02835500,-0.04798700,-0.06087500,-0.05628700,-0.04445100,0.00543800,-0.06229200,0.00796000,0.00060300,0.02219500,0.04330300,0.09689600,0.00591900,0.00135200
2003-01-31,0.00460000,0.00545500,-0.00304200,0.00753600,0.03208700,0.01826500,-0.02943900,-0.02453900,-0.03026500,0.01231100,-0.03076900,0.01669200,0.01270100,0.00839200,0.00340500,0.07907700,0.05839400,0.00533200,0.00125400
2003-02-28,0.01002300,0.01427700,0.01720600,0.03745600,0.01834200,0.03119400,-0.01793300,-0.01580800,-0.00853500,-0.03099400,0.00669600,-0.05473000,0.00669600,0.00560900,0.01810300,0.04096200,-0.05007600,0.00521300,0.00107600
2003-03-31,-0.00085900,0.00000000,-0.00416200,-0.01620500,0.02282000,0.01802400,-0.00431700,0.00890400,-0.04238500,-0.01532700,-0.00147800,-0.05050200,0.00470200,0.00679600,0.00399600,-0.07982000,-0.03958200,0.00400300,0.00124600
2003-04-30,0.00543500,0.01445100,0.00465300,-0.00257100,0.06131000,0.05877600,0.08863000,0.08315300,-0.00212600,0.05053000,0.14076000,0.04486500,0.01829400,0.01930900,0.00804000,-0.00935100,0.00837700,0.00290000,0.00098900
2003-05-31,0.01725100,0.02519600,0.02884100,0.04744100,0.02307400,0.04094300,0.05750600,0.05309900,0.05152200,0.06495600,0.05612600,0.08581400,0.02721600,0.04225800,0.03846600,0.05854300,0.07562600,0.00415600,0.00111800
2003-06-30,-0.00322100,-0.00123700,-0.00612500,-0.01021800,0.02246600,0.00428800,0.01871400,0.01196300,0.07794900,0.05323100,0.03379100,0.07782200,0.00861700,0.01365700,-0.00434000,-0.02436700,-0.05200700,0.00404900,0.00135100
2003-07-31,-0.02062700,-0.02692100,-0.04392300,-0.04616000,-0.01362600,-0.03049500,0.02188200,0.01815400,0.04465800,0.04843500,0.02862500,0.09208000,0.00365600,0.00679400,0.00850200,0.00096800,0.02377600,0.00743800,0.00096900
2003-08-31,-0.00046300,0.00345200,0.00593300,0.01793100,0.01508000,0.02173900,0.02338200,0.01827400,0.06993400,0.05614900,0.06384200,0.06946000,0.00785000,0.00800900,0.03110600,0.03839100,0.05983000,0.00925100,0.00088100
2003-09-30,0.01762400,0.02529000,0.03015300,0.03310000,0.02590400,0.03048300,0.00607300,-0.01195200,0.01421900,0.01927700,0.02769700,-0.00935200,0.00708400,-0.00345100,0.01922200,-0.00186900,0.02554400,0.00810900,0.00100100
2003-10-31,-0.00942100,-0.00977700,-0.01525700,0.00542700,0.01612800,0.00825000,0.06037600,0.05660800,0.02910600,0.08430200,0.06482300,0.10213200,0.01060100,0.01123400,-0.00307100,0.05251800,-0.00309300,0.01267700,0.00103700
2003-11-30,0.00142000,0.00263300,0.00124800,0.00059700,0.01377800,0.01314200,0.01498200,0.00917900,-0.03452900,-0.00813500,0.04549200,-0.01488200,0.00125300,-0.00066300,-0.00867300,-0.00798000,0.03278700,0.00379900,0.00091100
2003-12-31,0.00955100,0.01147300,0.00885400,0.01019300,0.02409400,0.02884000,0.06309800,0.05144500,0.04639000,0.06892200,0.07215200,0.07257000,0.01788200,0.01866500,0.02355200,0.07380500,0.04639000,0.00189200,0.00114700
2004-01-31,0.00582600,0.00655400,0.00852100,0.01147800,0.01422500,0.00463500,0.01689600,0.01778600,0.00555200,0.03718200,0.01505300,0.05165100,0.01133100,0.01587000,-0.00045600,0.01996400,-0.03334800,0.01098800,0.00102600
2004-02-29,0.01005300,0.01094500,0.01239300,0.02307900,-0.00034600,0.00383300,0.01810000,0.01163000,0.02918500,0.03769800,0.05692100,0.03678400,0.00442000,0.00865000,0.00263900,0.06887600,-0.01443700,0.00458500,0.00092100
2004-03-31,0.00502100,0.00732000,0.00938600,0.01601900,0.01242400,0.02472500,-0.00571400,-0.01626800,0.08002900,-0.00548400,0.03583500,-0.00693200,0.00245500,0.00460500,0.00634600,0.02365900,0.07762700,0.00329600,0.00107300
2004-04-30,-0.01534600,-0.01938500,-0.03216400,-0.04851900,-0.01735900,-0.05055800,-0.02348700,-0.01569200,0.00323800,-0.05651700,-0.10564400,-0.06156500,-0.01233300,-0.00899200,-0.03681900,-0.00791600,-0.09455100,0.00000000,0.00085300
2004-05-31,-0.00274900,-0.00551200,-0.00343700,0.01801400,-0.01587500,-0.01214900,0.00776500,0.01281800,-0.03362600,-0.01913900,0.01121100,-0.04499400,-0.00616500,-0.00446300,-0.01213400,0.01640600,0.01721500,0.00606600,0.00094300
2004-06-30,0.00178100,0.00289700,0.00401700,0.00042900,0.01603300,0.01413100,0.01978400,0.01844200,0.04041100,-0.00536200,0.02650500,-0.01422800,-0.00170900,-0.00134500,-0.01296200,-0.04440600,-0.00366800,0.00443800,0.00083900
2004-07-31,0.00688300,0.00910600,0.00951900,0.00934300,0.01750100,0.02689400,-0.03200300,-0.03441100,-0.03910700,-0.01138200,0.00236000,-0.03607000,-0.00917500,-0.02112300,-0.00352300,0.01536800,-0.00390700,0.01067100,0.00140800
2004-08-31,0.01597500,0.01882600,0.02068300,0.02675200,0.02504300,0.04021500,0.00609400,0.00459100,-0.00821000,0.03650700,0.03696300,0.04552400,-0.00249300,-0.00410800,-0.00358200,-0.02457100,0.04887400,-0.00181500,0.00146400
2004-09-30,0.00425000,0.00579800,0.00257100,0.00197400,0.01534400,0.01545000,0.02076200,0.01053400,-0.01927600,0.04852000,0.07438800,0.04273200,0.00747500,0.01403900,0.00397000,0.07110000,0.02079700,0.00652800,0.00119400
2004-10-31,0.00737700,0.00828200,0.00792800,0.01000300,0.01729000,0.01660400,0.02444300,0.01491000,-0.01136000,0.02592500,0.03996700,0.00918900,0.00162100,-0.01060800,0.01418900,0.01433000,0.02283700,0.00065700,0.00152200
2004-11-30,0.00207800,0.00007000,-0.01343400,-0.00239000,0.01333200,0.00875200,0.05450600,0.04055200,0.01474800,0.08735800,0.08881000,0.09611600,0.01923900,0.01874200,0.03118200,-0.01913300,0.05255100,0.00787700,0.00157300
2004-12-31,0.00705500,0.00909400,0.00991300,0.01744800,0.01710100,0.02336400,0.03868300,0.03456100,0.04796600,0.03486000,0.06691600,0.03245600,0.01241400,0.01125800,0.00943300,-0.05018100,-0.03087800,0.00887300,0.00193100
2005-01-31,0.00756800,0.00780800,0.00729800,0.00007600,0.00152600,0.00685700,-0.02120600,-0.02503900,-0.01383300,0.00627800,-0.01447400,0.01702000,-0.00945400,-0.00974700,-0.02520100,0.01176100,-0.03564000,0.00556800,0.00204200
2005-02-28,-0.00418800,-0.00325500,-0.00816300,-0.00427100,0.01393900,0.01174700,0.03464900,0.02021300,0.02879200,0.05555200,0.11130200,0.06737500,0.00879300,0.00963900,0.01945400,0.07040200,0.03385900,0.00425300,0.00198400
2005-03-31,0.00155700,-0.00563400,-0.00325500,0.00089400,-0.02600600,-0.02585000,-0.02203600,-0.01640800,0.00442900,-0.04467200,-0.08064700,-0.05356700,-0.00967200,-0.01549600,-0.00952200,0.03789800,-0.01828600,0.00591300,0.00233900
2005-04-30,0.01241400,0.01119100,0.01758000,0.01909600,-0.00389500,0.01358100,-0.02206100,-0.01842200,-0.04435700,-0.01380200,-0.02522100,-0.02816500,-0.01756600,-0.02094800,-0.01860300,-0.06502900,0.01386600,0.00532200,0.00246800
2005-05-31,0.00974700,0.01121400,0.01221400,0.00687600,0.01872200,0.02653300,0.01867500,0.03214400,0.01790100,0.01689100,0.03154500,0.03753600,0.00141500,0.00619700,0.00468100,-0.00992300,-0.04290600,0.00561000,0.00278200
2005-06-30,0.00851700,0.00955600,0.00612900,0.00425500,0.01992700,0.01810000,0.01010300,0.00204000,0.02713900,0.03755100,0.04272900,0.02723800,0.00914800,0.01846800,0.00542400,0.01422800,0.04604000,0.00565700,0.00259200
2005-07-31,-0.00548900,-0.00548900,-0.01355800,-0.02099300,0.01336900,0.00183200,0.03698400,0.03721900,0.02167300,0.05002900,0.07723600,0.06416400,0.01668600,0.02561200,0.00128200,0.04602700,-0.01415800,0.00398500,0.00263800
2005-08-31,0.00996500,0.01204400,0.01588200,0.02307700,0.00601100,0.01727000,0.00759300,-0.00989800,0.06041700,-0.01671700,0.06018400,-0.03200700,0.00426000,-0.00054200,0.01654400,0.07876200,0.00846900,0.00350200,0.00327500
2005-09-30,-0.00476400,-0.00808300,-0.01327000,-0.00140000,0.00103500,0.02247100,0.03008800,0.00821500,0.12521100,0.05991800,0.12699000,0.06419600,0.01106500,0.01218300,0.03553700,0.04074300,0.08118300,-0.02287700,0.00289500
2005-10-31,-0.00628600,-0.00826000,-0.00782200,-0.01277800,-0.00785000,-0.01444400,-0.02693600,-0.01672200,0.01472500,-0.06405400,-0.06188100,-0.06843100,-0.01851800,-0.02644800,-0.02073900,-0.07016700,-0.00828500,-0.01381000,0.00329500
2005-11-30,0.00475600,0.00544600,0.00485100,0.00173400,0.00708700,0.01608800,0.03641300,0.03962300,0.07179600,0.06000900,0.07848100,0.08658500,0.01687300,0.02607700,0.03131600,-0.00601200,0.06282200,0.00603600,0.00335600
2005-12-31,0.00845200,0.00837100,0.01036300,0.01229900,0.01213000,0.02349700,0.02459400,0.00016300,0.07101500,0.04808000,0.04226600,0.07411100,0.01477600,0.01789900,0.02696500,0.02711800,0.04388700,0.00000000,0.00355500
2006-01-31,-0.00080400,-0.00091100,-0.00298000,-0.00009400,0.01735000,0.01242800,0.04922600,0.02698900,0.04183300,0.07094800,0.15155200,0.07729800,0.02452000,0.02835900,0.03657800,0.00743800,0.10356300,0.00740000,0.00384700
2006-02-28,0.00288700,0.00287100,0.00145500,-0.00048000,0.01196500,0.02186700,-0.00146900,0.00035400,-0.01898500,-0.00497300,0.00022500,-0.00245300,0.00171400,0.00354300,0.00215100,-0.07012000,-0.01676000,0.00734600,0.00348200
2006-03-31,-0.00874600,-0.01084500,-0.01079000,-0.02193900,0.00091800,-0.01778600,0.02103700,0.01241100,0.04438500,0.01376800,-0.00224900,0.01891400,0.01150700,0.01880800,-0.00643000,0.01359600,0.03466500,0.01024800,0.00395300
2006-04-30,-0.00354700,-0.00306900,-0.00412100,-0.00084500,0.00545900,-0.00070500,0.03328400,0.01281500,-0.00396800,0.07497700,0.07263400,0.06994200,0.01154200,0.00615000,0.03013600,0.05729900,0.11952600,0.00809600,0.00373400
2006-05-31,0.00318500,0.00206800,0.00033100,0.00294600,-0.00559500,-0.02002100,-0.03942200,-0.03021900,-0.07935600,-0.06879500,-0.13552100,-0.07731600,-0.01314000,-0.02551800,-0.03016000,0.00975200,-0.01373500,-0.00716000,0.00456600
2006-06-30,-0.00011200,-0.00106800,0.00318700,0.00283000,-0.00305800,-0.00020800,-0.00043100,0.00074100,0.00836200,-0.00116200,0.00385400,-0.00770900,-0.00490900,-0.01019300,-0.00948900,-0.01410400,-0.04702100,0.00253400,0.00397100
2006-07-31,0.01177600,0.01278200,0.01238500,0.01626800,0.01709800,0.03208900,0.00682500,0.00303400,-0.00449000,0.00460500,0.03303100,-0.00194300,-0.00569900,-0.01001000,-0.01375300,0.02734600,0.03304400,0.00729100,0.00485200
2006-08-31,0.01496200,0.01509900,0.01467700,0.01734300,0.01820400,0.02463500,0.02592100,0.02341900,0.04028500,0.03283000,0.01533500,0.03460800,0.00762800,0.01161800,0.00065400,-0.04574600,-0.01524200,0.00916800,0.00488600
2006-09-30,0.00719500,0.00821500,0.00928500,0.00164200,0.01138000,0.00579700,0.01165300,0.02509300,-0.00985500,0.01932300,-0.02565500,0.03998600,0.00499300,0.00499300,-0.00572700,-0.06368200,-0.04355500,0.01424900,0.00442200
2006-10-31,0.00535800,0.00705400,0.00507700,-0.00170700,0.01597000,0.01791500,0.03751100,0.03386500,0.00956500,0.04649000,0.07019300,0.02765100,0.02021500,0.02840300,0.01324300,0.04525000,0.00869200,0.01470900,0.00478000
2006-11-30,0.00865300,0.01018400,0.01044700,0.01236500,0.01510500,0.01162700,0.02827100,0.01909800,-0.00580600,0.06489300,0.06710700,0.08082000,0.01539800,0.01894300,0.01388500,0.04715100,0.06972700,0.00938500,0.00445800
2006-12-31,-0.00477600,-0.00686400,-0.00822100,-0.02332500,0.01129100,0.00902500,0.02231400,0.01170200,0.05586300,0.03994200,0.05402600,0.03711100,0.01578600,0.01494500,0.02576800,-0.05057000,-0.01897300,0.01270400,0.00432100
2007-01-31,-0.00039900,0.00006200,-0.00159300,0.00130800,0.00815100,-0.00241000,0.00994900,0.01781200,0.02373600,-0.00717300,0.00090000,-0.02118400,0.01498900,0.01468300,0.00554700,-0.00545900,0.02587500,0.01681700,0.00490000
2007-02-28,0.01255300,0.01613400,0.01658300,0.02134500,0.01332200,0.01583700,-0.00526500,-0.01896300,0.01894200,0.00902100,-0.01460800,0.00197200,-0.00205800,-0.00209400,-0.03428700,0.02991100,0.02622100,0.01644900,0.00418400
2007-03-31,-0.00038500,-0.00377200,-0.00048700,0.00235800,0.00309700,0.00806900,0.02005600,0.01044800,-0.01663200,0.03250500,0.06097800,0.02066500,0.00283000,0.00397700,-0.01436400,0.00868000,-0.01064300,0.01002600,0.00442400
2007-04-30,0.00310400,0.00398800,0.00515100,0.00710300,0.01148500,0.01003400,0.04439000,0.04257600,-0.00758800,0.04964400,0.04379700,0.04863600,0.02207300,0.02765500,0.02885900,0.00640600,0.02599400,0.00827200,0.00458600
2007-05-31,-0.00673900,-0.00755000,-0.00897700,-0.01306500,0.00481000,-0.00385800,0.02973200,0.03434400,0.03596400,0.04352100,0.03269200,0.06525700,0.02547900,0.03019200,0.03777400,-0.00042500,-0.02976000,0.00820500,0.00459700
2007-06-30,-0.00371500,-0.00475600,-0.00043500,-0.00152600,-0.01736300,-0.01730500,-0.00293900,-0.01708200,0.01075200,0.04251000,0.03180700,0.06004500,-0.00073000,-0.00423400,0.01456800,-0.01567800,-0.02001200,0.01027900,0.00431700
2007-07-31,0.01011900,0.00373100,0.01658100,0.02275900,-0.03171000,-0.01206500,-0.01527100,-0.03124900,-0.03744100,0.04537100,0.02302300,0.07833200,-0.00930600,-0.01403400,-0.03134300,0.01519600,0.02863400,0.01017500,0.00476600
2007-08-31,0.01144900,0.00652800,0.01567600,0.00866000,0.00934500,0.00950800,-0.00276700,0.01455100,-0.05505500,-0.01567600,-0.02977800,-0.01427300,-0.02547200,-0.01576900,-0.07378600,-0.04225400,0.00756700,0.01032400,0.00399300
2007-09-30,0.00443200,0.00400700,0.00539300,0.01334500,0.02621300,0.02314000,0.05368100,0.03749000,0.01512600,0.12946900,0.10147300,0.11757700,0.01277200,0.00557000,0.04788500,0.07357200,0.10337900,0.01445500,0.00523100
2007-10-31,0.00841400,0.01031800,0.00786500,0.01122100,0.01021200,0.02063000,0.03901200,0.01654100,-0.00147700,0.09701700,0.11150400,0.11151900,0.02815500,0.02902700,0.05580700,0.02714000,0.06425300,0.01162900,0.00577700
2007-11-30,0.01123100,0.00107500,0.03069000,0.03967600,-0.02061200,-0.00660100,-0.04421400,-0.04287600,-0.05545500,-0.08231300,-0.04149100,-0.09384700,-0.02412700,-0.03665400,-0.01608300,-0.03563300,-0.01332300,0.00906700,0.00347400
2007-12-31,0.00218200,0.00155400,0.00080100,-0.00157300,0.00391200,0.00633500,-0.01107000,-0.00621300,-0.03274100,-0.01257800,0.01424900,-0.00527500,-0.00138900,-0.00438000,0.01903600,0.04190400,0.06479700,0.00810300,0.00528400
2008-01-31,0.01650900,0.00893300,0.02538700,0.03960500,-0.01214400,0.00592900,-0.08190600,-0.06103300,-0.09174600,-0.12591100,-0.10255600,-0.14328600,-0.02056700,-0.03370700,0.03819100,0.03227900,0.10181500,0.00994700,0.00737400
2008-02-29,0.00291000,-0.00231200,0.01139600,0.01229300,-0.01120400,-0.00176100,0.00282700,-0.03174300,-0.01413500,0.04983000,0.07401200,0.07361800,0.01768700,0.01386500,0.08535600,0.12541700,0.05253800,0.00764300,0.00256600
2008-03-31,-0.00060600,-0.01393500,0.00693700,-0.00059100,-0.00532000,-0.00203500,-0.01467000,-0.00417700,-0.08267800,-0.05977000,-0.03628000,-0.06729900,-0.02464900,-0.02811200,-0.03002400,-0.06278400,-0.05835700,0.00688100,0.00329400
2008-04-30,-0.00543000,0.00792500,-0.01718600,-0.02108200,0.03556000,0.01205800,0.05578600,0.04915100,0.12626900,0.08191200,0.07932100,0.08276200,0.01195300,0.02403100,-0.00653900,0.04459800,-0.06016700,0.00256300,0.00192200
2008-05-31,-0.00919900,-0.00738500,-0.01167400,0.00326700,0.00471800,0.00377200,0.01563000,0.01532100,0.03551800,-0.01787700,0.08573000,-0.04099400,0.01440900,0.02389400,0.01772000,0.02615200,0.02708300,0.00464800,0.00284700
2008-06-30,-0.00317400,-0.00852000,0.00785600,0.01534200,-0.02901000,-0.01975400,-0.08211100,-0.08199100,-0.06428600,-0.10342200,-0.07473400,-0.12468300,-0.00832500,-0.01055800,0.03249600,0.09422500,0.04297900,0.00524300,0.00242300
2008-07-31,0.00741300,0.00120500,0.00422700,-0.00508700,-0.00924500,0.00661700,-0.02597000,-0.01185100,-0.01512800,-0.02686700,-0.06523700,-0.00852800,-0.02823600,-0.03449900,-0.05590400,-0.13036000,-0.01505300,0.00552300,0.00270900
2008-08-31,0.00994800,0.00742600,0.01249300,0.00816800,0.00434000,0.00483500,-0.02155600,0.01305000,-0.03587200,-0.06172000,-0.08916500,-0.07057400,-0.01275400,-0.00900800,-0.03942500,-0.06767300,-0.09351800,0.00572100,0.00251400
2008-09-30,-0.00905500,-0.05994700,0.00612100,-0.03828600,-0.07706900,-0.06872700,-0.12497600,-0.09222900,-0.13140900,-0.16798800,-0.18443700,-0.16570200,-0.06902100,-0.08591900,-0.00849900,-0.12917200,0.05598000,-0.00713000,-0.00011500
2008-10-31,-0.00656400,-0.04202500,-0.00110200,-0.08691400,-0.17191300,-0.19450600,-0.19815400,-0.17145300,-0.21055300,-0.24475500,-0.30772800,-0.24067300,-0.09347000,-0.09986600,-0.01762400,-0.21621000,-0.18402100,-0.00565300,0.00643200
2008-11-30,0.02712600,0.02483800,0.05307100,0.00706600,-0.06179900,0.03584700,-0.06569500,-0.07467800,-0.04363600,-0.06381200,-0.08071800,-0.07075200,-0.03038000,-0.02487400,0.01484500,-0.09126900,0.13771700,0.00253500,0.00414100
2008-12-31,0.02542900,0.03548200,0.03387600,0.04963300,0.06741200,0.08691400,0.03624200,0.01212400,0.02909900,0.08876200,0.03786100,0.11220700,-0.01221200,-0.01690800,0.03258200,-0.06286400,0.07978000,0.00069000,0.00433300
2009-01-31,-0.00859500,-0.00105800,-0.02916100,0.01686100,0.05642000,0.02158500,-0.08543400,-0.08185900,-0.07660500,-0.07602800,-0.06552200,-0.06384800,0.01096300,-0.00145800,0.01444600,-0.06789400,0.04815700,0.00352300,0.00228000
2009-02-28,-0.00012500,-0.01275100,-0.00526000,-0.01963700,-0.02686900,-0.01547900,-0.09792100,-0.10348900,-0.04543300,-0.05817500,-0.04666500,-0.06414800,-0.00380400,-0.01275800,-0.00050500,-0.05391100,0.01541800,0.00221300,0.00141800
2009-03-31,0.00874500,-0.00414500,0.02178800,0.05844800,0.03185500,0.04151200,0.08237300,0.08504000,0.03064900,0.14867000,0.12443500,0.15913300,-0.00028100,0.02214600,-0.01981100,0.04381900,-0.02067200,0.00274100,0.00205800
2009-04-30,0.00418900,0.02990800,-0.01824200,-0.01866300,0.10798500,0.05613400,0.11804100,0.09549900,0.09198400,0.15235000,0.16586400,0.16678800,0.01608300,0.01735900,-0.01096000,0.01406500,-0.03640100,0.00592300,0.00194000
2009-05-31,0.00161300,0.03302500,-0.01009100,0.02104400,0.07315500,0.04525900,0.09964100,0.05420900,0.07016600,0.14421300,0.19662600,0.15100600,0.03150000,0.04477100,-0.01039100,0.12797700,0.09784400,0.00505800,0.00200300
2009-06-30,0.00916900,0.02496200,-0.00212000,0.00457000,0.03132800,0.01816000,-0.00560000,0.00173600,0.02856700,0.00917500,-0.02721200,-0.00300600,0.00037400,-0.01059500,-0.03328100,-0.01155000,-0.05381900,0.01329400,0.00114600
2009-07-31,0.01331500,0.03660100,0.00418400,0.00073800,0.05877400,0.03459700,0.08802700,0.07493600,0.02882600,0.12267300,0.09290700,0.12698600,0.01592700,0.01512900,0.00073000,0.03281400,0.02760900,0.01037700,0.00114400
2009-08-31,0.01025900,0.01843400,0.00890500,0.00877800,0.02654100,0.02933400,0.03576300,0.03406100,0.01281900,-0.00251900,0.02973700,-0.02771800,0.01250900,0.01002200,-0.00799300,-0.00869200,-0.00225300,0.01027100,0.00098900
2009-09-30,0.00844800,0.01631700,0.00778100,0.02107200,0.05986400,0.04553200,0.04587400,0.03831700,-0.05144200,0.09618100,0.08944100,0.09177700,0.02218600,0.02699400,-0.00712300,0.00838800,0.05863400,0.01583000,0.00049900
2009-10-31,0.00210800,0.00753200,-0.00048700,0.01227000,0.01665800,0.00551200,-0.01544900,-0.01972300,-0.01435300,-0.00350800,0.01551100,-0.00956700,-0.00058500,-0.01508000,-0.01333100,0.03499300,0.03088500,0.01058000,0.00032500
2009-11-30,0.01007400,0.01150800,0.01392300,0.02781000,0.00823600,0.01624000,0.04112500,0.05872700,-0.05808900,0.02777400,0.05853400,0.03074900,0.01658100,0.03115200,0.02432700,0.02297100,0.13502900,0.00141500,0.00034100
2009-12-31,-0.00917600,-0.00428700,-0.02612100,-0.02191200,0.02671300,0.00199500,0.02070600,0.02012600,0.08901100,0.03588100,0.03192300,0.04560200,0.00554700,-0.00162100,-0.02623500,0.03266400,-0.07277600,0.00522700,0.00026100
2010-01-31,0.01024300,0.01674400,0.01580600,0.01609200,0.01471200,0.00776300,-0.04320900,-0.03536800,-0.00772500,-0.06309700,-0.05080900,-0.05971500,-0.00018800,-0.00836200,-0.01842900,-0.07967300,-0.01245800,0.00920500,0.00022700
2010-02-28,0.00472300,0.00340900,0.00395200,-0.01157000,0.00247800,0.00804100,0.01273500,0.03016300,-0.00877500,0.01294200,0.00751700,0.00032200,0.00263100,0.00043500,0.01413600,0.03825900,0.03246300,0.00940000,0.00021300
2010-03-31,0.00192900,0.00683200,-0.00847000,0.00130600,0.03492700,0.02999200,0.06432800,0.05941300,0.10399600,0.07535500,0.08505300,0.07726900,0.01382100,0.01129700,0.01071500,-0.01598000,-0.00495600,0.00448400,0.00019300
2010-04-30,0.00557200,0.01151400,0.01048000,0.02369200,0.02021300,0.01054800,0.00168900,0.01571700,0.00452700,0.01322300,-0.00210000,0.02349400,0.00804300,0.01040000,-0.00704300,0.01334300,0.05953600,0.00487600,0.00018700
2010-05-31,0.00774200,-0.00527700,0.01710500,-0.00006400,-0.03572000,-0.02534400,-0.09481100,-0.08123200,-0.10995400,-0.10711600,-0.09078300,-0.08604800,-0.02643200,-0.03394600,-0.00922800,-0.08254100,0.02768000,0.00287000,0.00007300
2010-06-30,0.00912700,0.01304700,0.01856900,0.01426400,0.01379200,0.02514400,-0.03080400,-0.05363400,-0.04746000,0.00691000,-0.03636800,0.01352600,-0.00942900,-0.01379900,-0.01317500,-0.00019700,0.02554900,0.00163500,0.00071100
2010-07-31,0.00813400,0.01638800,0.00682000,0.00145000,0.03854200,0.04163500,0.08136400,0.06951500,0.01418200,0.07387200,0.12298800,0.05600000,0.01231800,0.02279800,-0.00626300,0.08758600,-0.05272100,0.00517000,0.00087500
2010-08-31,0.01659900,0.01968200,0.02007900,0.01722700,0.00538000,0.02012900,-0.03495800,-0.04508000,-0.05317500,-0.01656200,-0.02599300,-0.01462000,0.00167000,-0.00405200,0.01447500,-0.03843500,0.05622900,0.00751300,0.00085800
2010-09-30,-0.00223300,0.00332900,0.00021100,0.00602100,0.02866100,0.01764400,0.09566700,0.09041000,0.04041800,0.11924600,0.10915900,0.11250100,0.01715500,0.03482600,-0.01384100,0.07338600,0.04755600,0.01168900,0.00030100
2010-10-31,-0.00089500,0.00125500,-0.00157900,0.02651500,0.02462900,0.01671700,0.03614000,0.03902800,-0.01612100,0.02702300,0.03284900,0.02622600,0.01123000,0.01554000,0.00971200,0.04792500,0.03676400,0.00903100,0.00028400
2010-11-30,-0.01075700,-0.01110600,-0.00698800,-0.01693500,-0.01843200,-0.02352300,-0.02224900,0.00042900,0.06183600,-0.01983000,-0.03626900,-0.01911600,-0.00272200,0.00159100,-0.01100000,-0.01313600,0.01950000,0.00289500,0.00026500
2010-12-31,-0.00468900,-0.00512200,-0.01799100,-0.01546000,0.01450700,-0.00513500,0.07322600,0.06637100,0.04194300,0.06791100,0.08322400,0.06286300,0.02360600,0.05186900,0.01341500,0.11683800,0.02560000,0.00419900,0.00031000
2011-01-31,-0.00309800,-0.00018800,-0.00025000,0.00196100,0.01712000,-0.00278900,0.01569300,0.02367200,0.01145200,-0.01314800,-0.04487100,-0.01420000,0.00557100,-0.00171500,0.00147200,0.02303100,-0.06231600,0.00705700,0.00030800
2011-02-28,0.00182200,0.00719400,-0.00074300,0.00857200,0.01205800,0.00480200,0.02912600,0.03287300,0.04560000,-0.01693400,0.03212900,-0.03858400,0.00729500,0.00228600,0.00934100,0.00171600,0.05661200,0.00175200,0.00028500
2011-03-31,-0.00075800,-0.00169800,-0.00060800,0.01015000,0.00484100,0.01371000,-0.00100300,0.00074100,-0.08134000,0.05173400,0.04228300,0.07130100,-0.00875700,-0.03127100,0.00383600,0.01646500,0.02027100,-0.03938100,0.00034800
2011-04-30,0.00906600,0.01384500,0.01153600,0.02513800,0.01571200,0.01369100,0.04091200,0.03027100,-0.01742400,0.04312000,0.02160000,0.03793400,0.00468800,-0.00511000,0.00890000,0.01802600,0.08096200,0.00053900,0.00037500
2011-05-31,0.00970900,0.00896100,0.01561600,0.00305000,0.00489200,0.01295200,-0.02149000,-0.01148500,-0.01507100,-0.02290100,-0.04109400,-0.01547300,-0.01393600,-0.02632100,-0.02111000,-0.04601600,-0.01339500,0.00208900,0.00036300
2011-06-30,-0.00198600,-0.00693600,-0.00338000,0.00806300,-0.00749600,0.00670700,-0.01575800,-0.01743200,0.00865400,-0.01998400,-0.00629400,-0.02170900,-0.01593400,-0.02363500,-0.02350800,-0.05217400,-0.02208700,0.00712800,0.00029700
2011-07-31,0.01123900,0.01853900,0.01822400,0.03914600,0.01018500,0.01951000,-0.01628000,-0.01980600,-0.01035600,0.00299600,-0.02085700,0.00718800,-0.00105400,-0.00843500,0.01266200,0.01696000,0.08405300,0.00674400,0.00025300
2011-08-31,0.01220400,-0.00601800,0.02777500,0.00815300,-0.03889600,-0.00294100,-0.07305000,-0.05601700,-0.08984600,-0.08491900,-0.06753100,-0.10449900,-0.03467200,-0.05637300,-0.00085700,-0.00742500,0.12296700,0.00119400,0.00020900
2011-09-30,0.00597100,-0.00370300,0.01746500,-0.00236300,-0.03874700,-0.04487200,-0.09441400,-0.07235900,-0.00860600,-0.13536100,-0.17221600,-0.12666900,-0.02985100,-0.04851500,-0.02004800,-0.14550800,-0.11430800,0.00530000,0.00033900
2011-10-31,-0.00098200,0.01768500,-0.00815400,0.01863500,0.06074000,0.04766600,0.10714800,0.10941300,0.00911700,0.13249900,0.14980800,0.12057500,0.00814300,0.01358900,-0.01985600,0.06325500,0.06344800,0.00731500,0.00043300
2011-11-30,-0.00542700,-0.02044700,0.00746200,0.00771700,-0.02547700,-0.01259800,-0.02994100,-0.00359500,-0.04838400,-0.07884200,-0.04078400,-0.08464800,-0.00865500,-0.01340600,0.00302300,-0.02671100,0.01316300,-0.00032700,0.00043500
2011-12-31,0.01521000,0.02048600,0.00966200,0.00036500,0.02509000,0.01436600,-0.00201700,0.00893000,-0.00068000,0.00030200,-0.03799200,0.00670500,-0.00422400,-0.00851400,-0.00279800,-0.02119700,-0.10483000,-0.00045800,0.00071500
2012-01-31,0.00988100,0.02301300,0.00422900,0.02293200,0.03573200,0.02342600,0.05814300,0.04674000,0.03583600,0.10241600,0.12373600,0.10630200,0.01721500,0.02067800,0.00091200,0.00869100,0.10886300,0.00183300,0.00099300
2012-02-29,0.00361500,0.01104300,-0.00712300,-0.00328500,0.03035200,0.02730900,0.05031400,0.04329300,0.11507700,0.05230000,0.06341600,0.05743200,0.01421900,0.01423500,0.00215500,0.03165900,-0.01665600,0.00189500,0.00086900
2012-03-31,-0.00144700,-0.00190600,-0.01003300,-0.01074300,0.00147000,0.00350200,0.00664100,0.03154700,0.03034700,-0.03035200,-0.03593200,-0.03158900,-0.00023500,0.00401200,-0.01595700,-0.04258500,-0.02451000,0.00313100,0.00074200
2012-04-30,0.00623200,0.00767200,0.01454400,0.02024000,0.00879400,0.01363900,-0.01143300,-0.00637900,-0.06075600,0.00515200,-0.02690000,-0.00143800,0.00118400,-0.00088400,0.00427500,-0.00275300,-0.00453700,0.00435700,0.00072000
2012-05-31,0.01041000,0.00574600,0.01714300,0.01672500,-0.02004000,-0.02675600,-0.08966000,-0.06217100,-0.10557900,-0.10421100,-0.13732100,-0.09501000,-0.01686600,-0.03069300,0.00359100,-0.09434500,-0.06136200,0.00582700,0.00071100
2012-06-30,-0.00164000,0.00261100,-0.00347700,-0.00557000,0.02319400,0.02754400,0.04939100,0.03899600,0.06984100,0.03966000,0.05912000,0.02532900,-0.00295100,0.00524200,-0.01297300,0.06049600,0.02564400,0.00572900,0.00068200
2012-07-31,0.01355200,0.02572800,0.01006500,0.01895200,0.02280200,0.03824500,0.01368800,0.01318700,-0.04455600,0.03846500,0.01859000,0.02012100,0.00541800,0.00546500,0.01483900,0.07335300,0.00357100,0.00614400,0.00075200
2012-08-31,0.00237500,0.00553300,-0.00128700,-0.00287300,0.01717900,0.01224600,0.02174700,0.02266900,-0.00471900,-0.00333900,0.00233900,-0.00713200,0.00511900,0.00843500,-0.00022400,0.00614800,0.04530800,0.00941400,0.00069100
2012-09-30,0.00396400,0.00782000,-0.00305900,0.00509900,0.01784200,0.01589800,0.03149800,0.02501200,0.01672300,0.05889800,0.04170900,0.07289600,0.00386000,0.00780800,-0.00516000,0.01043500,0.05122200,0.01191000,0.00064000
2012-10-31,0.00282200,0.01158200,-0.00169400,0.00865900,0.01139500,0.01227100,-0.00667000,-0.01846000,0.00814000,0.00470300,-0.00902800,-0.00416400,-0.00520900,0.00433000,-0.01063500,-0.03878300,-0.03080400,-0.00510600,0.00058300
2012-11-30,0.00504100,0.00274600,0.00520200,0.00476600,0.01195400,0.01033500,0.01279000,0.00562800,0.05627900,0.02340400,-0.01071800,0.02789200,0.00411800,0.00488400,0.00307200,0.00012900,-0.00495100,0.00275400,0.00039800
2012-12-31,0.00102800,0.00286200,-0.00435000,-0.00649600,0.01777500,0.00995600,0.02265100,0.00868800,0.10398500,0.03071800,0.07115400,0.03479400,0.00915200,0.00442500,0.00645400,-0.02436100,-0.02148100,0.01017500,0.00042400
2013-01-31,-0.00548300,-0.00803500,-0.00807400,-0.00675000,0.01041900,-0.00658800,0.04606700,0.05252400,0.09420800,0.02659800,0.01855800,0.01065200,0.01959000,0.02644500,0.00098300,0.02781500,-0.00946800,0.00673500,0.00041000
2013-02-28,0.00606400,0.00865200,0.00528300,0.00032500,0.00402600,-0.00245000,-0.00015800,0.01214300,0.03791100,0.00920500,-0.03078500,-0.00055000,0.00433300,0.01173700,-0.00085400,-0.03732500,-0.05041400,0.00748800,0.00035400
2013-03-31,0.00516800,0.00313500,0.00098100,0.00282400,0.00593700,-0.00565800,0.01828300,0.03715300,0.06883800,-0.01581000,-0.00761800,-0.02336700,0.00715900,0.01240600,0.00028000,0.00672600,0.00991500,0.00639700,0.00033500
2013-04-30,0.01097300,0.01635700,0.00889000,0.00795300,0.01994100,0.02007900,0.02856800,0.01944100,0.12692600,0.02552000,-0.00365800,0.01479000,0.00620200,0.00562900,0.00497600,-0.01692000,-0.07740500,0.00853600,0.00037100
2013-05-31,-0.01425200,-0.01516100,-0.01707500,-0.04359600,-0.00650900,-0.02653700,-0.00273900,0.02032300,-0.02211800,-0.04264600,-0.05408800,-0.00876100,0.00748300,0.00831300,-0.00947800,-0.01669900,-0.05463300,0.00438200,0.00033400
2013-06-30,-0.01391800,-0.02456500,-0.01100500,-0.03584300,-0.02910200,-0.04468300,-0.02923000,-0.01382600,0.00095600,-0.05896500,-0.07025500,-0.05859600,-0.01325300,-0.01893200,-0.00661600,-0.03615200,-0.12150400,0.00006000,0.00031700
2013-07-31,0.00396100,0.00929800,-0.00108900,0.00729600,0.01951900,0.01113500,0.04787300,0.05218800,-0.00389600,0.02079000,0.00617300,0.01305800,0.01006500,0.02567100,-0.00537100,0.00790000,0.07115800,0.00394400,0.00036300
2013-08-31,-0.00379700,-0.00531600,-0.00485900,-0.01453800,-0.00594100,-0.01955700,-0.02083700,-0.02824600,-0.02390500,-0.00746300,-0.02578900,-0.01206200,-0.00863800,-0.01894100,-0.00838000,0.02569700,0.06332900,0.00922600,0.00032800
2013-09-30,0.00811600,0.00729400,0.00699300,0.01447100,0.01174200,0.02260700,0.05165400,0.03264400,0.08364300,0.05923400,0.08641700,0.05236400,0.00957000,0.01357100,-0.00263200,-0.02098500,-0.04947700,0.01203200,0.00032900
2013-10-31,0.00898600,0.01380300,0.00482400,0.00550900,0.02445900,0.02139200,0.04018900,0.04401300,-0.00016300,0.04670900,0.04928400,0.04815900,0.01200500,0.01923400,0.00642200,-0.01687300,-0.00244500,0.00635200,0.00030100
2013-11-30,-0.00137000,-0.00104800,-0.00327100,-0.01085800,0.00272100,-0.01246400,0.01416400,0.02782700,0.05888600,-0.01032800,-0.04112400,0.00159200,0.00552300,0.00960700,0.00320300,-0.00005300,-0.05612000,0.00486400,0.00027300
2013-12-31,-0.00540300,-0.00287900,-0.00907100,-0.01467600,0.00677400,0.00305100,0.01725400,0.02633600,0.03493800,-0.01263300,-0.01745200,-0.01269300,0.00558200,0.01246900,-0.00046400,0.01901400,-0.03840700,0.00420700,0.00028600
2014-01-31,0.01436400,0.01571700,0.01356700,0.01976000,0.00198700,-0.00278500,-0.04000200,-0.03424600,-0.06712100,-0.05086000,-0.09401500,-0.04783700,-0.00243500,-0.01013100,-0.00068000,0.00254300,0.03073700,0.00499300,0.00031200
2014-02-28,0.00491500,0.00826000,0.00272200,0.00447900,0.02095700,0.02306700,0.04830900,0.04627700,-0.00458400,0.04538000,0.03389200,0.03268700,0.01592300,0.02668400,-0.00752100,0.05963400,0.06602800,0.00496800,0.00027100
2014-03-31,0.00098300,0.00150100,-0.00285700,-0.00474800,0.00629600,0.00782600,0.00444500,0.00642800,-0.00397900,0.01783400,0.06070400,0.01387900,-0.00227900,-0.00372400,-0.00223200,0.01224200,-0.02874700,0.00448900,0.00031000
2014-04-30,0.00692000,0.01043500,0.00551900,0.01351300,0.00842100,0.01095000,0.00951700,0.00567600,-0.03371900,0.01033400,0.00617100,0.00169300,-0.00727900,-0.01424600,-0.00557100,0.02879500,0.00945400,0.00322400,0.00029800
2014-05-31,0.00964600,0.01180600,0.00941800,0.02118500,0.01166100,0.02647100,0.02127000,0.02316700,0.03631400,0.03224400,0.02441200,0.04107500,0.00451200,-0.00055900,0.00790600,-0.02761000,-0.03872500,0.00078900,0.00026500
2014-06-30,0.00339800,0.00192400,-0.00142400,0.00299200,0.00992600,0.00692400,0.01882900,0.02093400,0.04774100,0.01675000,0.02459000,0.02779900,0.00929900,0.01520900,0.00082700,-0.00634100,0.06102500,0.00208500,0.00028600
2014-07-31,0.00215300,0.00150500,-0.00162900,0.00028900,-0.00858300,-0.00115900,-0.01212800,-0.01443200,0.02098100,0.03517500,-0.00470700,0.03383700,-0.00882800,-0.01550600,0.00522500,-0.05346600,-0.03065100,0.00410400,0.00028100
2014-08-31,0.01218600,0.01346500,0.01054900,0.00437400,0.00913600,0.00832200,0.02209100,0.03948000,-0.01172500,0.00762300,0.04282200,0.01073200,0.01085600,0.01650800,0.01207500,-0.01058000,0.00360900,0.00811900,0.00030000
2014-09-30,-0.00294700,-0.00837000,-0.00547400,-0.02498000,-0.01740900,-0.01483100,-0.03243100,-0.01607400,0.04841800,-0.07259100,-0.10102800,-0.05789200,-0.00765100,-0.00116000,0.01539900,-0.05972700,-0.05886200,0.00860900,0.00030500
2014-10-31,0.00728800,0.00775100,0.00974200,0.00852800,0.00809000,0.01202000,0.00704300,0.02378100,0.00865100,0.02736100,0.00678500,0.01465300,-0.01324200,-0.00139900,0.00606400,-0.00235900,-0.03300100,0.00605800,0.00029500
2014-11-30,0.00939000,0.00753200,0.00806400,0.00262100,-0.00567500,-0.00383300,0.01672900,0.02580600,0.06194500,-0.01294300,-0.03218900,0.00179100,0.00329400,0.00873500,0.01664700,-0.04679500,0.00260500,0.00136800,0.00024900
2014-12-31,0.00517700,0.00215800,0.00142400,-0.01130500,-0.01850800,-0.02516900,-0.01930000,-0.00354900,-0.00429700,-0.02125700,-0.09526400,-0.01897500,-0.00750200,-0.00541100,0.00336400,-0.09177200,0.00734700,0.00426400,0.00027700
2015-01-31,0.01865000,0.02422200,0.02586600,0.03147900,0.00354700,0.00523300,-0.01563100,-0.02852500,0.00261400,0.01496900,-0.02948800,0.02396400,-0.00287300,-0.00662500,0.01994000,-0.05645400,0.07956200,0.00397300,0.00031500
2015-02-28,-0.00590800,-0.00611800,-0.01544400,-0.01204800,0.02490200,0.01180600,0.05567200,0.05774200,0.07946100,0.03180600,0.04540200,0.02404700,0.02016600,0.02269000,0.00669800,0.04139900,-0.05166000,0.00249400,0.00028200
2015-03-31,0.00573000,0.00274500,0.00630800,-0.00472500,-0.00006300,0.00579800,-0.01549800,-0.01490300,0.01855500,-0.00268200,-0.05071000,0.00354200,0.00333200,0.00601300,0.00706100,-0.05765900,-0.02550200,0.00216300,0.00034400
2015-04-30,-0.00559100,-0.00606500,-0.00526100,0.00735900,0.01673900,0.01822700,0.02901800,0.00883500,0.03321400,0.05841300,0.09287600,0.06959200,0.00213900,0.01192100,-0.02666900,0.07013400,-0.00065500,0.00091700,0.00033300
2015-05-31,-0.00414500,-0.00396400,-0.00180100,-0.00820900,0.00327400,0.00064100,-0.00130500,0.01265200,0.05049000,-0.02656900,-0.06701100,-0.02747200,0.00259200,-0.00177500,0.00688700,-0.03419500,0.00539500,0.00172500,0.00033300
2015-06-30,-0.01236100,-0.01768300,-0.00882700,-0.00973500,-0.01482400,-0.01415400,-0.02354300,-0.01941400,-0.03084800,-0.03926500,0.00645900,-0.04014400,-0.01243000,-0.00844200,-0.02655900,0.02616000,-0.01511800,0.00156100,0.00038100
2015-07-31,0.00990400,0.00834200,0.00833700,0.00205700,-0.00132000,0.00129500,0.00868500,0.01948300,0.01726900,-0.05024000,-0.06391900,-0.07180400,-0.00027600,-0.00287600,0.02312900,-0.11379100,-0.06727300,0.00408400,0.00031900
2015-08-31,-0.00270300,-0.00644600,0.00043700,-0.00762400,-0.01421200,-0.01270600,-0.06855000,-0.06128300,-0.07872000,-0.10157200,-0.08699200,-0.09205400,-0.02214700,-0.03077000,-0.01918400,-0.01506700,0.03422800,0.00850900,0.00037900
2015-09-30,0.00593100,0.00249800,0.00877600,-0.00590700,-0.02096500,-0.01258800,-0.03622900,-0.02698400,-0.07892900,-0.02298500,-0.06197400,-0.01528700,-0.02070900,-0.02080000,-0.00553800,-0.03842000,-0.01523000,0.00987100,0.00045300
2015-10-31,0.00324300,0.00634000,-0.00366100,0.00252800,0.03121200,0.02688500,0.07848200,0.08210200,0.10926500,0.07541900,0.05685400,0.07767900,0.01462800,0.01903200,-0.00944200,-0.01244500,0.02350100,0.00278500,0.00041900
2015-11-30,0.00046000,0.00123200,-0.00409000,-0.00097400,-0.01041800,-0.00266600,-0.00825700,0.00276400,0.01138400,-0.02507200,-0.05329100,-0.03284100,-0.00721700,0.00041100,0.01967500,-0.07205500,-0.06726100,0.00319700,0.00032600
2015-12-31,-0.00270600,-0.00686200,-0.00163800,-0.00792000,-0.02308000,-0.01400200,-0.01803300,-0.01732800,-0.02104500,0.00296500,-0.05931300,-0.00737100,-0.01329500,-0.01104400,-0.01404400,-0.03563000,-0.00456700,0.00094000,0.00021500
2016-01-31,0.01462900,0.00455100,0.02129700,0.01484900,-0.01277600,-0.00027200,-0.06031100,-0.05348600,-0.07638100,-0.07834400,-0.04373600,-0.07299400,-0.02764700,-0.04496200,0.00908000,-0.03028000,0.05290100,0.00229600,0.00074100
2016-02-29,0.00961200,0.00559500,0.00891200,0.01112300,0.00644800,0.01439700,-0.00688300,-0.00289800,-0.09322000,-0.00897500,0.02743400,-0.01311300,-0.00319700,-0.01123900,0.00297400,-0.03641400,0.10600100,0.00546700,0.00074600
2016-03-31,0.00823300,0.02332900,0.00158300,0.01796800,0.04145700,0.03067400,0.07411000,0.06784500,0.04285300,0.11558900,0.17617600,0.11430300,0.01239900,0.02793500,-0.01115100,0.04376200,0.00031200,0.00409100,0.00084200
2016-04-30,0.00169800,0.01030900,-0.00105200,0.00346300,0.03316400,0.01759800,0.01476100,0.00460300,-0.00379000,-0.00069700,0.04733400,-0.01273600,0.00408000,0.00025000,0.00329800,0.08732200,0.04463400,0.00417700,0.00076000
2016-05-31,0.00422700,0.00164200,-0.00002700,-0.00707300,0.00526300,-0.00007700,0.00126300,0.01755600,0.02577900,-0.01557800,-0.09217000,-0.01208100,0.00459000,0.00437200,-0.01715800,0.01106400,-0.05815700,0.00056500,0.00074400
2016-06-30,0.01903600,0.01833900,0.02207600,0.02078700,0.01210300,0.02863100,-0.00605800,0.00208800,-0.09776700,0.02118400,0.06867100,0.02837100,0.00197100,-0.01470300,0.00996300,0.02975400,0.08494000,0.00277200,0.00090400
2016-07-31,0.00597500,0.01632400,0.00405100,0.00866900,0.02479600,0.01516800,0.04309700,0.03758900,0.06372800,0.05576400,0.05501900,0.04833900,0.01453100,0.01991700,0.00301900,-0.06901800,0.02251700,0.00424900,0.00058700
2016-08-31,-0.00051000,0.00420400,-0.00549700,-0.00448600,0.02011500,0.01391600,0.00336300,0.00076800,0.01312300,0.02078000,-0.01129000,0.04024200,0.00159100,-0.00180300,-0.00980900,-0.01124400,-0.03369000,0.00881800,0.00101800
2016-09-30,-0.00011900,-0.00191800,-0.00132300,0.00547400,0.00684300,0.00192500,0.00612800,0.00065100,-0.00530200,0.01783200,0.01169700,0.01334100,0.00553600,0.01525900,-0.00146000,0.03504100,0.00461900,0.01045900,0.00114900
2016-10-31,-0.00969600,-0.00785300,-0.01100700,-0.00400100,0.00225200,-0.00644300,-0.01697200,-0.01930900,0.05141400,-0.01663300,0.04405100,-0.01435600,-0.00571600,-0.00842700,-0.01584600,0.00276600,-0.03313400,0.00435000,0.00123300
2016-11-30,-0.01651600,-0.02054700,-0.02668300,-0.01919000,-0.01124300,-0.03076600,0.00759900,0.03529200,0.05816100,-0.02224400,-0.07602900,-0.03330300,0.00872400,0.01466500,-0.00689900,0.02984400,-0.08012000,0.00328600,0.00115400
2016-12-31,0.00274000,0.00730100,-0.00105500,-0.00098200,0.01888000,0.01137800,0.02160200,0.01821300,0.03354000,-0.01116400,0.04285000,-0.01413300,0.00856500,0.00179500,0.00478800,0.02399400,-0.01849200,0.00198500,0.00114100
2017-01-31,-0.00364200,0.00125800,0.00226100,0.00840700,0.01473400,0.01251100,0.02734300,0.02039600,0.00110100,0.05799600,0.04551700,0.05864300,0.00501900,0.00846400,-0.00952100,-0.00899300,0.04966300,0.00381300,0.00129500
2017-02-28,0.00856100,0.01209100,0.00493500,0.00471000,0.01531700,0.01681600,0.02805100,0.03861000,0.00498300,0.03445600,0.01690900,0.03636300,0.01122800,0.01169700,0.01179100,-0.00519100,0.03551000,0.00340400,0.00117500
2017-03-31,-0.00046100,-0.00130300,-0.00045700,-0.00053500,-0.00024400,0.00319300,0.01223300,0.00096100,-0.00773400,0.03080200,0.00536200,0.03340900,0.00027800,0.00658300,-0.00970300,-0.03115400,-0.00432600,0.00226200,0.00114800
2017-04-30,0.00678100,0.00933400,0.00694700,0.00591600,0.01407100,0.01245500,0.01558500,0.01046700,0.01085400,0.01572000,0.02292300,0.02147300,0.00425000,0.00718000,-0.00067400,-0.01752000,0.01430600,0.00176600,0.00114000
2017-05-31,0.00583700,0.00953600,0.00652700,-0.00042900,0.00810000,0.00714000,0.02208300,0.01288700,0.02190600,0.02665400,-0.00987300,0.04528000,0.00244200,-0.00568100,0.00485800,-0.01771800,0.00354600,0.00215500,0.00127200
2017-06-30,-0.00279900,0.00017400,-0.00161900,-0.00948100,-0.00032000,-0.00194800,0.00454700,0.00584800,0.02682900,0.01849300,-0.00963600,0.01749200,0.00213500,0.00861700,-0.00411000,0.00312500,-0.02514700,0.00425100,0.00095200
2017-07-31,0.00328700,0.00733700,0.00166700,0.00445500,0.00988500,0.00851200,0.02794700,0.01991900,0.00329600,0.05164800,0.06991500,0.05581000,0.00926900,0.00869300,0.00941600,0.02261800,0.02002000,0.00583900,0.00122600
2017-08-31,0.00911300,0.00797400,0.01082500,0.01064000,0.00578700,0.01351600,0.00383100,0.00254400,-0.00445100,0.01020700,0.04493900,0.01382500,0.00293000,0.00495400,0.00764000,-0.00382700,0.03924300,-0.00285400,0.00124000
2017-09-30,-0.00461600,-0.00251200,-0.00857100,-0.00640700,0.00701900,0.00058600,0.01932000,0.02002000,0.04280400,-0.00292900,-0.01366100,-0.00022800,0.00596300,0.01818100,-0.01033900,0.00407800,-0.02747500,-0.08587200,0.00114800
2017-10-31,0.00421800,0.00636200,-0.00121000,0.00213900,0.00645400,0.00382900,0.02076500,0.02256500,0.05599700,0.04061800,-0.01197800,0.05296500,0.00689900,0.00787300,0.01922800,0.02590800,-0.01017900,0.00429900,0.00127600
2017-11-30,0.00154900,-0.00070500,-0.00137600,0.00129800,-0.00343800,-0.00150400,0.01935800,0.02968700,0.01427500,0.00612900,0.00436100,0.00115800,0.00066400,0.00875000,-0.00150500,-0.00598000,0.00252000,0.00713400,0.00106800
2017-12-31,0.00223500,0.00618200,0.00308800,0.00915500,0.00392200,0.00385500,0.01612200,0.01048200,0.01367400,0.03083900,0.05843900,0.02788000,0.00734400,0.01034400,0.00824700,0.02864000,0.02663400,0.00299100,0.00094000
2018-01-31,-0.00713900,-0.00666500,-0.01358400,-0.00857400,0.00524200,-0.00171700,0.05641700,0.05707900,0.01338300,0.06716200,0.09215900,0.08012500,0.02445100,0.03410600,0.03800300,0.01862400,0.02343400,0.00565000,0.00162500
2018-02-28,-0.00225500,-0.00978900,-0.00753400,-0.00971900,-0.00958500,-0.01362400,-0.04199800,-0.03728800,-0.03716800,-0.04726900,-0.02609300,-0.05353800,-0.02422000,-0.01486200,-0.04859700,-0.01700400,-0.01757800,0.00109200,0.00119700
2018-03-31,0.00829100,0.00228000,0.00943000,0.01050500,-0.00272900,0.00057100,-0.02140700,-0.02483700,-0.02437000,-0.02219800,-0.03172800,-0.01362800,-0.00981100,-0.00685900,-0.00792600,-0.00896500,0.00405600,-0.00213100,0.00169100
2018-04-30,-0.00372100,-0.00492700,-0.00810000,-0.00057400,0.00137200,-0.01020900,0.00955000,0.00369200,0.03577900,0.00997200,-0.01880200,0.00091600,0.00092700,-0.00553800,0.00461300,0.02929900,-0.00454300,-0.00244800,0.00268900
2018-05-31,0.00373600,0.00336200,0.00897800,0.00426300,-0.00844900,-0.00729600,0.00124800,0.02367200,-0.01690800,-0.00826700,-0.09610200,-0.01341800,0.00263500,0.00298800,-0.00364000,0.01672000,-0.01411100,0.00224500,0.00273500
2018-06-30,0.00186400,-0.00288800,0.00020700,0.00401200,-0.00393900,-0.00664500,-0.00541500,0.00641700,-0.00616600,-0.03752100,-0.02635900,-0.04653800,-0.00185500,-0.00664400,0.00122700,-0.03681300,-0.03699400,0.00307300,0.00226700
2018-07-31,0.00027400,0.00634900,-0.00418400,-0.00481100,0.01671700,0.01651700,0.03015600,0.03555400,0.01464400,0.01075000,0.06683100,0.00695200,-0.00148600,0.00720600,-0.01103500,-0.02203100,-0.02366400,0.00649100,0.00247900
2018-08-31,0.00307300,0.00461100,0.00765000,0.00720300,-0.00887400,-0.01345900,0.00785700,0.03244700,-0.00723300,-0.01119700,-0.08001800,-0.00824600,0.00452100,-0.00228400,0.02407600,-0.01710600,-0.02009000,0.00490100,0.00240700
2018-09-30,-0.00382500,-0.00315800,-0.00933700,-0.01053100,0.01426800,0.01326100,0.00435200,0.00417600,0.05546800,-0.01380000,0.03035400,-0.01692600,-0.00688200,-0.01626400,-0.00627300,0.02116900,-0.00706300,-0.00035900,0.00187400
2018-10-31,-0.00195400,-0.00823200,-0.00477700,-0.01433300,-0.01359800,-0.01366300,-0.07493900,-0.06973300,-0.09043600,-0.10260300,-0.02221000,-0.10921400,-0.03105900,-0.03948200,-0.02650200,-0.02835200,0.01781000,-0.00765200,0.00214300
2018-11-30,0.00489300,-0.00248000,0.00887600,0.00477700,-0.00901700,-0.00159800,0.01462500,0.01875300,0.01013700,0.04462400,0.01357900,0.05157300,-0.00616800,-0.00628300,-0.00186700,-0.00889900,0.00605000,-0.03643500,0.00220600
2018-12-31,0.01444500,0.01177100,0.02151600,0.00546500,-0.00842400,0.01366000,-0.07043400,-0.09052100,-0.09832300,-0.02796600,-0.01249300,-0.03164800,-0.01925500,-0.04233000,0.00765100,-0.09234700,0.04725100,-0.00918500,0.00276400
2019-01-31,0.01059200,0.01956400,0.00470800,0.01345300,0.04313500,0.03187000,0.07895900,0.08181000,0.05244000,0.07285300,0.12734100,0.07322600,0.02125500,0.03919700,-0.01910100,0.05667800,0.03115400,0.00563800,0.00289400
2019-02-28,0.00120200,0.00432000,-0.00271100,-0.00013000,0.01521000,0.00800800,0.02674700,0.03275700,0.02254500,0.02311200,-0.03573300,0.01674000,0.00632800,0.01163700,0.00761400,0.01230300,-0.00501300,0.00037700,0.00255900
2019-03-31,0.01791000,0.02184400,0.01909000,0.01838100,0.00756600,0.01365600,0.01257600,0.01805300,-0.00008200,0.01541000,-0.01903900,0.01821400,-0.00169900,0.00785400,0.00299900,-0.00036900,-0.01642500,-0.00043100,0.00223900
2019-04-30,0.00059600,0.00622900,-0.00277300,0.00332400,0.00915200,0.00397400,0.03376500,0.03975300,0.02019000,0.01779000,0.02965900,0.01809200,0.00661800,0.00674700,0.01146700,-0.00549300,-0.00774700,-0.00641500,0.00246700
2019-05-31,0.01438900,0.01054700,0.02350100,0.01652300,-0.00842600,0.00615300,-0.05931900,-0.06386500,-0.06374600,-0.06955700,-0.02923400,-0.08794600,-0.00684500,-0.02011900,-0.00268800,-0.04290800,0.01712700,-0.01085100,0.00245200
2019-06-30,0.01402200,0.02117200,0.00922900,0.00857400,0.02869400,0.02708000,0.06548000,0.06979200,0.02944700,0.06343900,0.05960400,0.06350700,0.01611700,0.01388000,0.02576700,0.01634800,0.08012000,0.00323600,0.00232900
2019-07-31,0.00786900,0.00909400,-0.00117900,0.00355400,0.00872100,0.00995500,0.00293000,0.01509100,0.00915400,-0.01317800,-0.00294800,-0.01584100,0.00770100,0.01065700,0.01831000,-0.01471900,0.01011400,0.00448300,0.00220100
2019-08-31,0.02267800,0.02309300,0.03399700,0.02379900,-0.01350200,0.00249100,-0.02372300,-0.01805000,-0.03228700,-0.04385500,-0.07731000,-0.03767200,0.00383300,-0.00167100,0.01673100,-0.04532100,0.06545500,0.00136100,0.00207000
2019-09-30,-0.00463400,-0.00512300,-0.00846000,-0.01361200,0.00636300,0.00036800,0.02104200,0.01734900,0.05933700,0.01791200,0.01684800,0.01988600,0.00447200,0.00883200,-0.01081200,0.02302400,-0.03533800,0.01462200,0.00197500
2019-10-31,-0.00172600,0.00403800,0.00068200,0.00255700,0.00420600,0.00533900,0.02736900,0.02141500,0.04881700,0.04045100,0.03497600,0.04488100,0.00305500,0.00516200,-0.01401500,0.01490100,0.02994900,-0.00353600,0.00225100
2019-11-30,-0.00117300,0.00160500,-0.00300800,0.00152500,0.00288000,0.00028800,0.02441100,0.03694100,0.01868500,0.00422800,-0.01887600,0.00530100,0.01028600,0.00879700,0.00910500,-0.02410500,-0.03116100,0.00258100,0.00167400
2019-12-31,-0.00205000,0.00256200,-0.00561400,0.00379100,0.02314500,0.01520800,0.03521500,0.02884300,0.01306800,0.05784100,0.08443000,0.07112000,0.01216200,0.01216800,0.00303300,0.05147700,0.03564500,0.00332500,0.00189000
2020-01-31,0.01804600,0.02069400,0.02443700,0.02099700,0.00363200,0.01542600,-0.01104600,0.00159600,-0.01623600,-0.03699600,-0.05143600,-0.04487600,0.00410100,-0.00329600,0.00822400,-0.09658200,0.03968700,0.00646700,0.00204200
2020-02-29,0.01223900,0.00819500,0.02650700,0.01384100,-0.01608800,-0.00196800,-0.08077000,-0.08212200,-0.09580800,-0.04229400,-0.12031500,-0.02861100,-0.01437100,-0.03825400,-0.01185400,-0.05655900,-0.01216800,0.00345200,0.00205400
2020-03-31,-0.01556300,-0.06773100,0.02892400,-0.01758100,-0.13446900,-0.10679600,-0.13500300,-0.12730500,-0.07070300,-0.14031500,-0.26859700,-0.11719400,-0.05881600,-0.09581700,-0.00811900,-0.15569500,0.01765000,-0.00661500,0.00123900
2020-04-30,0.01618900,0.04689000,0.00636100,0.02781600,0.04386700,0.02595400,0.10712500,0.13114700,0.04393900,0.09815000,0.09095900,0.09173200,0.02879100,0.04490500,0.00492000,-0.03597700,0.06126500,-0.00143800,0.00354900
2020-05-31,0.00283400,0.01189100,-0.00253400,0.00300500,0.04900700,0.04611700,0.04349100,0.05133800,0.06714000,-0.00320000,0.04799100,-0.00295400,0.01442900,0.01224300,0.00263600,0.03759100,0.02721100,0.00138700,0.00104600
2020-06-30,0.00499100,0.01810100,0.00093600,0.01116300,0.02131800,0.02492100,0.03195300,0.02238900,0.00125100,0.08184700,0.04080400,0.08242700,0.01752700,0.02211800,-0.00289200,0.02319700,0.02800400,0.00681900,0.00052300
2020-07-31,0.01092800,0.02615700,0.01142700,0.02297700,0.03618100,0.03120600,0.05288700,0.05899300,-0.03553100,0.07896500,0.06159700,0.09668000,0.01354800,0.00822400,0.01778900,0.03639500,0.08549700,0.00698500,0.00048100
2020-08-31,-0.00724600,-0.00758700,-0.01095300,0.01092500,0.01422600,0.00541800,0.06120500,0.07456400,0.07932600,0.03818300,-0.01728900,0.03211500,0.01537400,0.02711100,0.00356300,0.07733000,-0.00358800,0.00704200,0.00035600
2020-09-30,0.00365300,-0.00030100,0.00138500,-0.00368800,-0.01467300,-0.01263900,-0.03224300,-0.03765500,0.00488300,-0.02290300,-0.03550200,-0.01122100,-0.00171000,0.00019400,-0.01278000,-0.02084900,-0.04191400,0.01080200,0.00032700
2020-10-31,0.00007300,0.00105800,-0.00942700,-0.00645900,0.00195100,-0.00124100,-0.02430800,-0.02632400,-0.02521700,0.02404900,-0.03025000,0.03295200,-0.00214700,-0.00542500,-0.00514400,0.01918200,-0.00814800,-0.00072300,0.00033600
2020-11-30,0.00570600,0.02154800,0.00348100,0.01121300,0.04478600,0.03069900,0.12326300,0.11515600,0.12208200,0.09100100,0.16972900,0.07486300,0.02815600,0.04593100,0.01698400,0.05864800,-0.05595200,-0.00025800,0.00026800
2020-12-31,0.00307200,0.00503400,-0.00231500,0.01147200,0.02044000,0.01515200,0.04642900,0.04081700,0.03098100,0.06644100,0.08555300,0.07051600,0.02449800,0.03604000,0.02971300,0.04055200,0.06420100,0.00253200,0.00030300
2021-01-31,-0.00536400,-0.00793300,-0.00956500,0.00330700,-0.00032200,-0.00849300,-0.00454800,-0.00956800,0.00389400,0.03507500,-0.01974200,0.04334200,-0.00165200,-0.01041300,-0.00579900,0.03664700,-0.02571300,0.00139200,0.00039100
2021-02-28,-0.01555500,-0.01448500,-0.01814700,-0.01610900,0.00132700,-0.01421600,0.02316400,0.02569400,0.03303300,0.01363800,0.00070300,0.00931000,0.01517200,0.02841300,0.01293900,0.09161900,-0.06563000,-0.00597100,0.00026500
2021-03-31,-0.00394000,-0.01019700,-0.01541600,-0.00189100,-0.00315800,-0.01250400,0.02670900,0.03723400,0.04818300,-0.02097900,0.04787000,-0.02982300,-0.00057900,0.00867600,-0.00185500,-0.02092200,-0.00923200,0.00274400,0.00029400
2021-04-30,0.00261400,0.00752000,0.00750000,0.01399500,0.01475900,0.01327200,0.04372200,0.05415400,-0.02587600,0.02823900,0.02815200,0.02407700,0.01631300,0.02991900,0.01099600,0.09205100,0.03038600,0.00284000,0.00031000
2021-05-31,0.00223200,0.00498800,0.00344700,0.01211100,0.00610900,0.00918600,0.01556200,0.00438300,0.01639600,0.01458200,0.06594600,0.01241200,0.00381400,0.00845100,0.00534600,0.01792500,0.07661900,0.00581900,0.00031300
2021-06-30,0.00487700,0.01149800,0.00642600,0.00605700,0.00823200,0.00716700,0.01317700,0.02750400,0.01163500,-0.00297600,0.00498700,0.00087200,0.00379900,0.01163100,-0.00597800,0.03575200,-0.07014800,0.00322500,0.00011900
2021-07-31,0.01242900,0.01265900,0.01360800,0.02665000,0.00106400,0.00159900,0.00689100,0.02335400,-0.02369200,-0.06607800,-0.01509700,-0.08106600,-0.00441400,0.00464600,-0.00666900,0.01948200,0.02349800,0.00188800,0.00022400
2021-08-31,-0.00200300,-0.00256800,-0.00175300,-0.00175900,0.00751100,0.00974200,0.02503000,0.02911200,0.03173200,0.02176400,0.02483500,0.02641200,0.00680400,0.01337600,0.00414600,-0.00109700,0.00054400,-0.00417700,0.00016000
2021-09-30,-0.00944100,-0.00939600,-0.01083700,-0.00715000,-0.00717100,-0.01662800,-0.04131000,-0.04752000,0.04354800,-0.04015700,-0.03357800,-0.04142000,-0.00379700,-0.00514400,-0.01238700,0.06613000,-0.03357400,-0.00465400,0.00012900
2021-10-31,-0.00261500,-0.00076100,-0.00070500,0.01134700,-0.00530000,-0.00417000,0.05104400,0.06948200,-0.01241800,0.01732000,-0.00055200,0.01270000,0.00902900,0.02162500,0.01051300,0.02514500,0.01534900,0.00210700,0.00015400
2021-11-30,0.00713300,0.00171000,0.00765500,0.00894300,-0.01402300,-0.01070700,-0.02408000,-0.01047800,-0.02875800,-0.04271100,-0.05709200,-0.03633300,-0.01294000,-0.01203900,-0.02722500,-0.08229400,-0.00531800,0.00410200,0.00012800
2021-12-31,-0.00405600,-0.00057000,-0.00513400,0.00316400,0.01642800,0.00975400,0.04000000,0.03916700,0.03338900,0.01892200,0.03432300,0.01468400,0.00474000,0.01703700,0.00842300,0.03639100,0.02938300,0.00250200,0.00024300
2022-01-31,-0.01571100,-0.02645400,-0.01894400,-0.02022500,-0.02244700,-0.02633500,-0.04911200,-0.05685600,-0.05015400,-0.03991500,0.04108600,-0.03487300,-0.01467600,-0.02118700,-0.01736100,0.11225800,-0.01884900,0.00254700,0.00020200
2022-02-28,-0.01330200,-0.02118200,-0.00658900,0.00854100,-0.02421400,-0.04541100,-0.02582700,-0.02970900,-0.01160900,-0.01125700,-0.05221000,-0.02350000,-0.00360300,0.00343800,-0.00421700,0.06139800,0.05833900,0.00096500,0.00041500
2022-03-31,-0.02155600,-0.02163800,-0.03113600,-0.01859300,-0.00622800,-0.02336000,0.02165900,0.03476000,0.04853800,-0.00644800,0.00858200,-0.03117700,0.00480500,0.01514100,0.03097400,0.09953000,0.02651000,0.00045700,0.00036500
2022-04-30,-0.02687700,-0.04205200,-0.03098000,-0.02043800,-0.03514000,-0.04327000,-0.08004200,-0.09087800,-0.02654600,-0.05301900,-0.07262500,-0.05082000,-0.00899700,-0.01743800,0.01903600,0.05767000,-0.02104300,0.00020300,0.00020500
2022-05-31,-0.00137600,0.00199100,0.00182700,-0.00992100,-0.00352400,-0.00015500,0.00117000,-0.00270600,0.00920200,0.00189200,0.00586800,0.00397000,-0.01095200,-0.00746400,-0.00902600,0.02563700,-0.03605900,0.00091300,-0.00012500
2022-06-30,-0.01517600,-0.02740500,-0.00879700,-0.03164500,-0.06989300,-0.04572800,-0.08429600,-0.08317200,-0.02731200,-0.05741300,-0.13155300,-0.04843300,-0.01797600,-0.02008300,0.01373000,-0.12355900,-0.02104200,-0.00071000,-0.00027900
2022-07-31,0.02547100,0.03352800,0.01594100,0.04353500,0.04516000,0.02105300,0.06983300,0.09293400,0.03983500,0.00013200,0.03792400,-0.01275600,0.00537300,0.01202000,-0.01484500,0.05403800,-0.02339900,0.00279000,-0.00043900
2022-08-31,-0.02610500,-0.03049100,-0.02480900,-0.02659400,-0.01146200,-0.00539000,-0.03681500,-0.03965400,0.01073300,-0.00187100,0.00576600,0.00364000,0.00948100,0.00752000,0.01245200,0.00852700,-0.02886900,0.00844700,-0.00050400
2022-09-30,-0.03210300,-0.04487600,-0.03453600,-0.06618000,-0.04526300,-0.05526300,-0.09572900,-0.09311600,-0.06403700,-0.12570500,-0.06025500,-0.13232200,-0.00964500,-0.02007200,0.02985300,-0.09708200,-0.02888900,-0.06826200,0.00023600
2022-10-31,-0.00342300,-0.00579400,-0.01393700,0.01242400,0.01977600,-0.00881900,0.06034700,0.07906300,0.05731200,-0.04209400,0.06467900,-0.05857700,0.00076200,0.01033700,0.00146700,0.02299100,-0.01563700,0.01022800,0.00073900
2022-11-30,0.02548300,0.04386900,0.02677800,0.01826300,0.04269000,0.06631900,0.07756300,0.05379500,0.02966000,0.17602500,0.02923500,0.18705500,0.00148500,0.00725400,-0.02390400,0.01268900,0.06768600,0.01294800,0.00085300
2022-12-31,-0.01180200,-0.00645800,-0.00518200,-0.01019100,0.00041500,0.00849800,-0.03935100,-0.05919300,-0.05190800,-0.00490100,-0.03462500,-0.00821000,-0.00061400,-0.00071800,0.00049800,-0.04553800,0.04140400,0.01430800,0.00122100
2023-01-31,0.02303300,0.03479700,0.02506000,0.01832000,0.03857200,0.03200700,0.07167700,0.06548600,0.04684900,0.08628500,0.05252000,0.08628000,0.01673500,0.01561600,0.00030800,-0.02075200,0.06020300,0.01187600,0.00211900
2023-02-28,-0.01595000,-0.02412600,-0.02339900,-0.01371300,-0.01401100,-0.02233400,-0.02866000,-0.02436900,0.00723700,-0.06762500,-0.05048600,-0.06868500,-0.00468100,-0.00613000,0.00495500,-0.04547500,-0.05237700,0.00917400,0.00262100
2023-03-31,0.02217400,0.02132700,0.02894500,0.02890400,0.00480600,0.01243000,0.03083200,0.03503600,0.01579400,0.02786400,0.00948000,0.03598500,-0.01187000,-0.00137600,-0.03015200,-0.02794900,0.07604800,0.01224000,0.00352700
2023-04-30,0.00514800,0.00808900,0.00535900,0.00109600,0.00348000,0.00393900,0.01437200,0.01241000,0.02684900,-0.01694000,0.03467700,-0.02355300,0.00341400,0.00608000,0.01364200,-0.01767500,0.01039100,0.01204200,0.00329700
2023-05-31,-0.00393700,-0.00931400,-0.01161000,-0.01196200,-0.00477100,-0.00753900,-0.01071000,0.00596900,0.04516100,-0.02349900,-0.03918000,-0.01054100,-0.00464900,0.00256200,0.00892200,-0.06943300,-0.01323900,0.01353400,0.00414100
2023-06-30,-0.00059700,0.00127300,-0.00750900,-0.00336800,0.02123900,0.01491700,0.05806100,0.06629300,0.07686300,0.03090600,0.07859300,0.02707800,0.00761300,0.01266100,0.00548600,0.05412900,-0.02233100,0.01384300,0.00392100
2023-07-31,0.00032400,0.00644600,-0.00354000,0.00125400,0.01769300,0.01180700,0.03660800,0.03413700,0.01268900,0.05759700,0.06185100,0.06236000,0.00520900,0.00706700,-0.01051100,0.06387200,0.02576900,0.00902200,0.00440100
2023-08-31,-0.00125700,-0.00394200,-0.00518200,-0.00893000,-0.00171400,-0.01201100,-0.02794400,-0.01737300,-0.00015500,-0.06089600,-0.06139900,-0.06166300,0.00328100,0.00272600,-0.00042200,-0.00976300,-0.01704600,0.01582700,0.00448000
2023-09-30,-0.01724500,-0.01868600,-0.02209400,-0.01845800,-0.01059400,-0.02277500,-0.04135100,-0.04718600,0.00347400,-0.02707000,-0.02701700,-0.02590900,-0.00101400,-0.00761300,0.00618800,0.00173600,-0.04665000,0.01365000,0.00422400
2023-10-31,-0.00710000,-0.01042400,-0.01208300,-0.00723500,-0.00884100,-0.01477900,-0.03006700,-0.02328600,-0.03083100,-0.04078500,-0.03629400,-0.03954900,-0.00818500,-0.00922600,0.00287700,-0.01674200,0.07380300,0.01472000,0.00484100
2023-11-30,0.03438300,0.04673900,0.03473000,0.02709200,0.04720100,0.05302300,0.09229600,0.09365600,0.05967400,0.07435700,0.09491000,0.07594100,0.01133300,0.02925800,-0.01741800,-0.04398100,0.02557200,0.00791700,0.00481800
2023-12-31,0.03195800,0.03814400,0.03365000,0.02692000,0.03813700,0.04200400,0.04803400,0.04671600,-0.00473600,0.04646700,0.06246700,0.03262300,0.01386100,0.01596600,0.00198100,-0.03741700,0.01141100,0.00617500,0.00465800
2024-01-31,-0.00196000,-0.00047800,-0.00280600,0.00177500,0.00130900,-0.00563300,0.00586200,0.01531400,0.08473100,-0.04785800,-0.02609500,-0.05222100,0.00321600,0.00658900,0.01177900,0.00394400,-0.00699900,0.01227400,0.00530100
2024-02-29,-0.00686200,-0.01098500,-0.01311900,-0.01074500,0.00898100,0.00377300,0.04291300,0.05317700,0.05459000,0.04497300,0.01009600,0.05853500,0.00916600,0.01356000,0.02075100,-0.02099600,-0.00191700,0.01150100,0.00469800
2024-03-31,0.00901700,0.01261100,0.00642600,0.00822900,0.01570500,0.01722500,0.03139700,0.03147100,0.04171700,0.02600300,0.00539200,0.03018400,0.01255600,0.01349300,0.02501900,0.01657600,0.08331000,0.00806500,0.00472300
2024-04-30,-0.01610100,-0.01886900,-0.02327400,-0.01686200,-0.00636200,-0.01646800,-0.03299300,-0.04150300,-0.01072700,0.00417700,-0.01330600,0.00927900,-0.00539300,-0.00798600,0.00051400,0.01838000,0.03379900,0.00555200,0.00517700
2024-05-31,0.00884900,0.01420100,0.01456800,0.01717800,0.01223800,0.01723000,0.04061300,0.04731100,0.01200400,0.01886800,-0.02676500,0.01415100,0.00598500,0.01246400,-0.00509400,0.00595800,0.01350900,0.00065200,0.00499200
2024-06-30,0.00867700,0.00694500,0.01008500,0.00784800,0.00650600,0.00632200,0.02227200,0.03541100,0.01634600,0.03863800,-0.00115900,0.04963300,0.00313600,0.01205700,-0.00743400,-0.02128300,0.00146100,0.00816800,0.00451000
2024-07-31,0.01931900,0.02168700,0.02187900,0.01783500,0.01792100,0.01847800,0.01612800,0.01230200,-0.01042000,0.00159200,0.02674200,-0.00275600,0.00738700,0.00705600,-0.01114600,-0.06281000,0.04132400,0.01379100,0.00530800
2024-08-31,0.01095200,0.01188900,0.01279200,0.00784500,0.01767600,0.02098100,0.02539600,0.02370300,-0.02736300,0.02338100,0.01556600,0.01628200,0.00421400,0.00778100,-0.01490000,-0.00915200,0.02642700,0.01742900,0.00482700
2024-09-30,0.01160400,0.01571100,0.01202300,0.01501200,0.01797200,0.01761500,0.02323100,0.02117600,-0.02326600,0.07871900,0.01484600,0.08011100,0.00950300,0.00758100,0.01852400,0.04001700,0.05652900,0.01951200,0.00516300
2024-10-31,-0.01353200,-0.01619900,-0.02381100,-0.01794000,-0.00065500,-0.01372100,-0.02244700,-0.00762800,0.02342600,-0.04972500,-0.03930200,-0.04572000,-0.00661500,-0.00636400,-0.01754000,-0.03942600,0.03785300,0.00852400,0.00552000
2024-11-30,0.01187800,0.01344900,0.00777200,0.00484600,0.01316800,0.01106400,0.03740400,0.06217700,-0.00758600,-0.02230400,-0.03136300,-0.03705900,0.00835100,0.01330600,0.01466700,0.01369200,-0.03022200,0.01068700,0.00536200
2024-12-31,-0.00767400,-0.01251800,-0.01540800,-0.01581300,-0.00186000,-0.01188800,-0.02367200,-0.02578200,0.04284500,-0.01154400,-0.01703300,0.00239600,0.00011000,-0.00356500,0.00303100,0.01619200,-0.01111700,0.01447100,0.00547300
2025-01-31,0.00387400,0.00608000,0.00517400,0.01293300,0.01344300,0.01064600,0.03356600,0.03019500,0.00071500,0.01378500,0.06255600,0.00734500,0.01000500,0.02105400,-0.00200400,0.02755600,0.06662800,-0.01153100,0.00504000
2025-02-28,0.01204100,0.01575200,0.02155900,0.02180300,0.00778900,0.01622600,-0.00602400,-0.01609300,-0.04003100,0.00198200,-0.00235900,0.00663500,0.00283600,-0.00530600,0.00703200,0.00657100,0.00806700,0.00300600,0.00423200
2025-03-31,-0.00417300,-0.00421400,0.00229600,0.00641100,-0.00942700,-0.00356700,-0.03950500,-0.05886200,-0.00618900,-0.00448600,0.03469800,-0.00056500,-0.00749200,-0.01327700,-0.01330100,0.02109700,0.09937900,0.00871300,0.00440800
2025-04-30,0.00984600,0.00361500,0.00633400,0.00118900,-0.00023500,-0.00048900,0.00932700,-0.00536800,0.00374600,0.01587700,0.03534800,0.00757400,-0.00427300,-0.00003500,-0.03007800,-0.07142600,0.05728900,0.00570500,0.00400900
2025-05-31,-0.00330600,0.00211900,-0.01028200,-0.00587700,0.01684000,0.00669100,0.05747900,0.06413000,0.05254600,0.05102200,0.01434700,0.04992400,0.01172300,0.02634000,-0.00444000,-0.01018700,-0.00613100,0.00717000,0.00406000
2025-06-30,0.00957600,0.01406400,0.01254400,0.00954400,0.01751200,0.01908000,0.04490100,0.05108300,0.01815100,0.05657800,0.05012100,0.06262000,0.01099900,0.01428400,0.01249400,0.02144700,0.00133800,0.00846100,0.00417900
2025-07-31,-0.00080000,0.00288400,-0.00392100,0.00122200,0.00905500,0.00922100,0.01356200,0.02265600,0.02728900,0.02187700,-0.00132900,0.02467300,0.00574600,0.00787700,0.00246400,-0.01059500,-0.00056100,0.01523300,0.00415800
2025-08-31,0.00548000,0.00747500,0.01055400,0.01538100,0.01144000,0.01335000,0.02469100,0.01928600,0.04344200,0.01455800,0.03507200,0.00745700,0.01118900,0.01493000,0.01987000,0.00293200,0.05355800,0.01683200,0.00381500
2025-09-30,0.00736600,0.01173100,0.00847100,0.00433800,0.00641500,0.01105700,0.03624200,0.03635900,0.03035200,0.05783700,0.05924700,0.07455300,0.01463200,0.01458400,0.03526300,-0.01060300,0.10542700,0.02112300,0.00430000
2025-10-31,0.00789400,0.00606300,0.00617100,0.00354600,0.01075900,0.01719700,0.02236600,0.02354300,0.07854300,0.03737600,0.01057400,0.04935400,0.00682800,0.00681300,0.01380900,0.02311200,0.03524100,0.01503800,0.00429800
2025-11-30,0.00210200,0.00413600,0.00617800,0.00184400,0.00476300,0.00241500,-0.00011100,-0.00003800,0.00594500,-0.02908300,0.01239700,-0.03238100,0.00136500,0.00042500,0.00191400,0.01031900,0.05888600,0.00878000,0.00411100
2025-12-31,-0.00214400,-0.00095100,-0.00330300,-0.00403900,0.00782200,0.00428800,0.01043600,-0.00022800,0.00985900,0.02816600,0.03150700,0.02952400,0.00582700,0.00924400,0.01304400,-0.03769300,0.02368000,0.00870400,0.00481900
2026-01-31,0.00241700,0.00409000,-0.00092400,0.00309700,0.00752900,0.00363300,0.02964400,0.01268400,0.04901100,0.07996300,0.11256900,0.08273900,0.01996700,0.02261700,0.04000200,0.08809900,0.08817700,0.00717300,0.00434500
2026-02-28,0.01405700,0.01082100,0.01817800,0.01306800,0.00393000,0.01217700,0.01285600,-0.00911100,0.09900800,0.06081700,0.02519400,0.06231400,0.00441700,0.00816700,0.01362900,-0.01723400,0.10906700,0.00546500,0.00374600
2026-03-31,-0.01775000,-0.01994300,-0.01736500,-0.01337000,-0.01995600,-0.02885400,-0.07181700,-0.04934400,-0.10758100,-0.13250900,-0.07507500,-0.14373100,-0.02945300,-0.04441100,-0.03663500,0.17451800,-0.11227600,0.00624200,0.00390200
2026-04-30,0.00300200,0.00629600,-0.00073500,0.01154400,0.02244200,0.02113600,0.10173600,0.10476600,0.07515800,0.15051700,0.03750800,0.17495900,0.02975300,0.05428700,0.02833000,0.04898300,-0.00746600,0.00543600,0.00349200
2026-05-31,0.00623300,0.00865600,0.00111400,0.00213600,0.00826900,0.00712000,0.05159700,0.05232200,0.06639400,0.10002100,-0.00986600,0.12072600,0.01711800,0.02874600,0.02121100,-0.04410400,-0.01245200,0.00533800,0.00341800
2026-06-30,0.00372200,0.00323900,0.00283400,-0.00473400,0.00608800,0.00560400,-0.00802100,-0.00924300,0.01767400,-0.01472300,-0.02760900,-0.01141500,0.00628400,0.01702400,-0.00878400,-0.07832900,-0.11786500,,0.00370500
