Dates,BTC
2010-07-19,0.08
2010-07-20,0.07
2010-07-21,0.08
2010-07-22,0.05
2010-07-23,0.06
2010-07-24,0.06
2010-07-25,0.06
2010-07-26,0.06
2010-07-27,0.06
2010-07-28,0.06
2010-07-29,0.07
2010-07-30,0.06
2010-07-31,0.06
2010-08-01,0.06
2010-08-02,0.06
2010-08-03,0.06
2010-08-04,0.06
2010-08-05,0.06
2010-08-06,0.06
2010-08-07,0.06
2010-08-08,0.06
2010-08-09,0.07
2010-08-10,0.07
2010-08-11,0.07
2010-08-12,0.07
2010-08-13,0.06
2010-08-14,0.06
2010-08-15,0.06
2010-08-16,0.07
2010-08-17,0.07
2010-08-18,0.07
2010-08-19,0.07
2010-08-20,0.07
2010-08-21,0.07
2010-08-22,0.07
2010-08-23,0.06
2010-08-24,0.07
2010-08-25,0.06
2010-08-26,0.06
2010-08-27,0.07
2010-08-28,0.07
2010-08-29,0.07
2010-08-30,0.06
2010-08-31,0.06
2010-09-01,0.06
2010-09-02,0.06
2010-09-03,0.06
2010-09-04,0.06
2010-09-05,0.06
2010-09-06,0.06
2010-09-07,0.06
2010-09-08,0.06
2010-09-09,0.06
2010-09-10,0.06
2010-09-11,0.06
2010-09-12,0.06
2010-09-13,0.06
2010-09-14,0.06
2010-09-15,0.06
2010-09-16,0.06
2010-09-17,0.06
2010-09-18,0.06
2010-09-19,0.06
2010-09-20,0.06
2010-09-21,0.06
2010-09-22,0.06
2010-09-23,0.06
2010-09-24,0.06
2010-09-25,0.06
2010-09-26,0.06
2010-09-27,0.06
2010-09-28,0.06
2010-09-29,0.06
2010-09-30,0.06
2010-10-01,0.06
2010-10-02,0.06
2010-10-03,0.06
2010-10-04,0.06
2010-10-05,0.06
2010-10-06,0.06
2010-10-07,0.07
2010-10-08,0.09
2010-10-09,0.09
2010-10-10,0.09
2010-10-11,0.1
2010-10-12,0.09
2010-10-13,0.11
2010-10-14,0.1
2010-10-15,0.11
2010-10-16,0.11
2010-10-17,0.11
2010-10-18,0.1
2010-10-19,0.1
2010-10-20,0.1
2010-10-21,0.11
2010-10-22,0.1
2010-10-23,0.1
2010-10-24,0.1
2010-10-25,0.13
2010-10-26,0.15
2010-10-27,0.19
2010-10-28,0.17
2010-10-29,0.19
2010-10-30,0.19
2010-10-31,0.19
2010-11-01,0.2
2010-11-02,0.19
2010-11-03,0.19
2010-11-04,0.23
2010-11-05,0.26
2010-11-06,0.26
2010-11-07,0.26
2010-11-08,0.24
2010-11-09,0.21
2010-11-10,0.24
2010-11-11,0.22
2010-11-12,0.27
2010-11-13,0.27
2010-11-14,0.27
2010-11-15,0.27
2010-11-16,0.22
2010-11-17,0.23
2010-11-18,0.27
2010-11-19,0.28
2010-11-20,0.28
2010-11-21,0.28
2010-11-22,0.29
2010-11-23,0.28
2010-11-24,0.28
2010-11-25,0.28
2010-11-26,0.28
2010-11-27,0.28
2010-11-28,0.28
2010-11-29,0.23
2010-11-30,0.21
2010-12-01,0.23
2010-12-02,0.26
2010-12-03,0.25
2010-12-04,0.25
2010-12-05,0.25
2010-12-06,0.2
2010-12-07,0.23
2010-12-08,0.24
2010-12-09,0.2
2010-12-10,0.2
2010-12-11,0.2
2010-12-12,0.2
2010-12-13,0.23
2010-12-14,0.25
2010-12-15,0.24
2010-12-16,0.25
2010-12-17,0.24
2010-12-18,0.24
2010-12-19,0.24
2010-12-20,0.27
2010-12-21,0.24
2010-12-22,0.25
2010-12-23,0.25
2010-12-24,0.25
2010-12-25,0.25
2010-12-26,0.25
2010-12-27,0.27
2010-12-28,0.28
2010-12-29,0.3
2010-12-30,0.3
2010-12-31,0.3
2011-01-01,0.3
2011-01-02,0.3
2011-01-03,0.3
2011-01-04,0.3
2011-01-05,0.3
2011-01-06,0.3
2011-01-07,0.32
2011-01-08,0.32
2011-01-09,0.32
2011-01-10,0.33
2011-01-11,0.33
2011-01-12,0.32
2011-01-13,0.32
2011-01-14,0.4
2011-01-15,0.4
2011-01-16,0.4
2011-01-17,0.35
2011-01-18,0.31
2011-01-19,0.31
2011-01-20,0.39
2011-01-21,0.42
2011-01-22,0.42
2011-01-23,0.42
2011-01-24,0.42
2011-01-25,0.41
2011-01-26,0.42
2011-01-27,0.42
2011-01-28,0.45
2011-01-29,0.45
2011-01-30,0.45
2011-01-31,0.52
2011-02-01,0.7
2011-02-02,0.72
2011-02-03,0.69
2011-02-04,0.81
2011-02-05,0.81
2011-02-06,0.81
2011-02-07,0.89
2011-02-08,0.92
2011-02-09,1.09
2011-02-10,0.98
2011-02-11,1.07
2011-02-12,1.07
2011-02-13,1.07
2011-02-14,1.07
2011-02-15,1.05
2011-02-16,1.05
2011-02-17,1.04
2011-02-18,0.9
2011-02-19,0.9
2011-02-20,0.9
2011-02-21,0.83
2011-02-22,0.87
2011-02-23,0.9
2011-02-24,1.0
2011-02-25,0.91
2011-02-26,0.91
2011-02-27,0.91
2011-02-28,0.86
2011-03-01,0.92
2011-03-02,0.94
2011-03-03,0.94
2011-03-04,0.9
2011-03-05,0.9
2011-03-06,0.9
2011-03-07,0.89
2011-03-08,0.87
2011-03-09,0.86
2011-03-10,0.93
2011-03-11,0.88
2011-03-12,0.88
2011-03-13,0.88
2011-03-14,0.89
2011-03-15,0.87
2011-03-16,0.86
2011-03-17,0.83
2011-03-18,0.82
2011-03-19,0.82
2011-03-20,0.82
2011-03-21,0.76
2011-03-22,0.81
2011-03-23,0.85
2011-03-24,0.87
2011-03-25,0.88
2011-03-26,0.88
2011-03-27,0.88
2011-03-28,0.8
2011-03-29,0.79
2011-03-30,0.79
2011-03-31,0.78
2011-04-01,0.77
2011-04-02,0.77
2011-04-03,0.77
2011-04-04,0.68
2011-04-05,0.71
2011-04-06,0.74
2011-04-07,0.75
2011-04-08,0.75
2011-04-09,0.75
2011-04-10,0.75
2011-04-11,0.77
2011-04-12,0.86
2011-04-13,0.92
2011-04-14,1.0
2011-04-15,0.99
2011-04-16,0.99
2011-04-17,0.99
2011-04-18,1.16
2011-04-19,1.2
2011-04-20,1.14
2011-04-21,1.21
2011-04-22,1.41
2011-04-23,1.41
2011-04-24,1.41
2011-04-25,1.56
2011-04-26,1.79
2011-04-27,1.9
2011-04-28,2.21
2011-04-29,2.88
2011-04-30,2.88
2011-05-01,2.88
2011-05-02,3.2
2011-05-03,3.41
2011-05-04,3.41
2011-05-05,3.33
2011-05-06,3.45
2011-05-07,3.45
2011-05-08,3.45
2011-05-09,3.8
2011-05-10,5.81
2011-05-11,5.5
2011-05-12,6.3
2011-05-13,8.2
2011-05-14,8.2
2011-05-15,8.2
2011-05-16,8.03
2011-05-17,7.19
2011-05-18,6.88
2011-05-19,6.81
2011-05-20,5.59
2011-05-21,5.59
2011-05-22,5.59
2011-05-23,7.15
2011-05-24,7.42
2011-05-25,8.4
2011-05-26,8.8
2011-05-27,8.5
2011-05-28,8.5
2011-05-29,8.5
2011-05-30,8.8
2011-05-31,8.74
2011-06-01,9.57
2011-06-02,10.6
2011-06-03,14.29
2011-06-04,14.29
2011-06-05,14.29
2011-06-06,18.55
2011-06-07,23.92
2011-06-08,29.6
2011-06-09,28.92
2011-06-10,23.95
2011-06-11,23.95
2011-06-12,23.95
2011-06-13,19.84
2011-06-14,19.28
2011-06-15,19.49
2011-06-16,17.0
2011-06-17,15.68
2011-06-18,15.68
2011-06-19,15.68
2011-06-20,15.68
2011-06-21,15.68
2011-06-22,15.68
2011-06-23,15.68
2011-06-24,15.68
2011-06-25,15.68
2011-06-26,15.68
2011-06-27,16.75
2011-06-28,16.95
2011-06-29,16.85
2011-06-30,16.1
2011-07-01,15.4
2011-07-02,15.4
2011-07-03,15.4
2011-07-04,13.86
2011-07-05,12.91
2011-07-06,14.78
2011-07-07,14.78
2011-07-08,14.31
2011-07-09,14.31
2011-07-10,14.31
2011-07-11,14.21
2011-07-12,14.01
2011-07-13,13.95
2011-07-14,13.99
2011-07-15,13.81
2011-07-16,13.81
2011-07-17,13.81
2011-07-18,13.48
2011-07-19,13.85
2011-07-20,13.69
2011-07-21,13.61
2011-07-22,13.7
2011-07-23,13.7
2011-07-24,13.7
2011-07-25,14.05
2011-07-26,13.88
2011-07-27,13.94
2011-07-28,13.49
2011-07-29,13.5
2011-07-30,13.5
2011-07-31,13.5
2011-08-01,13.09
2011-08-02,12.05
2011-08-03,9.26
2011-08-04,10.75
2011-08-05,9.8
2011-08-06,9.8
2011-08-07,9.8
2011-08-08,7.8
2011-08-09,9.99
2011-08-10,9.98
2011-08-11,9.46
2011-08-12,9.46
2011-08-13,9.46
2011-08-14,9.46
2011-08-15,11.15
2011-08-16,10.96
2011-08-17,10.95
2011-08-18,10.83
2011-08-19,11.65
2011-08-20,11.65
2011-08-21,11.65
2011-08-22,10.9
2011-08-23,10.94
2011-08-24,10.85
2011-08-25,9.66
2011-08-26,8.18
2011-08-27,8.18
2011-08-28,8.18
2011-08-29,8.97
2011-08-30,8.79
2011-08-31,8.2
2011-09-01,8.21
2011-09-02,8.64
2011-09-03,8.64
2011-09-04,8.64
2011-09-05,7.61
2011-09-06,6.86
2011-09-07,7.19
2011-09-08,6.53
2011-09-09,5.03
2011-09-10,5.03
2011-09-11,5.03
2011-09-12,6.08
2011-09-13,5.8
2011-09-14,5.62
2011-09-15,4.84
2011-09-16,4.82
2011-09-17,4.82
2011-09-18,4.82
2011-09-19,5.46
2011-09-20,6.11
2011-09-21,5.61
2011-09-22,5.43
2011-09-23,5.55
2011-09-24,5.55
2011-09-25,5.55
2011-09-26,4.87
2011-09-27,4.92
2011-09-28,4.77
2011-09-29,4.78
2011-09-30,5.14
2011-10-01,5.14
2011-10-02,5.14
2011-10-03,5.02
2011-10-04,4.96
2011-10-05,4.87
2011-10-06,4.73
2011-10-07,4.27
2011-10-08,4.27
2011-10-09,4.27
2011-10-10,4.1
2011-10-11,3.93
2011-10-12,4.15
2011-10-13,4.05
2011-10-14,3.99
2011-10-15,3.99
2011-10-16,3.99
2011-10-17,2.56
2011-10-18,2.42
2011-10-19,2.27
2011-10-20,2.35
2011-10-21,2.57
2011-10-22,2.57
2011-10-23,2.57
2011-10-24,2.55
2011-10-25,2.77
2011-10-26,2.77
2011-10-27,3.04
2011-10-28,3.19
2011-10-29,3.19
2011-10-30,3.19
2011-10-31,3.25
2011-11-01,3.15
2011-11-02,3.25
2011-11-03,3.15
2011-11-04,3.11
2011-11-05,3.11
2011-11-06,3.11
2011-11-07,3.01
2011-11-08,3.04
2011-11-09,2.95
2011-11-10,2.84
2011-11-11,3.08
2011-11-12,3.08
2011-11-13,3.08
2011-11-14,2.22
2011-11-15,2.33
2011-11-16,2.56
2011-11-17,2.25
2011-11-18,2.05
2011-11-19,2.05
2011-11-20,2.05
2011-11-21,2.29
2011-11-22,2.33
2011-11-23,2.33
2011-11-24,2.43
2011-11-25,2.51
2011-11-26,2.51
2011-11-27,2.51
2011-11-28,2.55
2011-11-29,2.75
2011-11-30,2.97
2011-12-01,3.06
2011-12-02,3.12
2011-12-03,3.12
2011-12-04,3.12
2011-12-05,2.88
2011-12-06,3.03
2011-12-07,2.99
2011-12-08,2.98
2011-12-09,2.97
2011-12-10,2.97
2011-12-11,2.97
2011-12-12,3.14
2011-12-13,3.25
2011-12-14,3.15
2011-12-15,3.2
2011-12-16,3.2
2011-12-17,3.2
2011-12-18,3.2
2011-12-19,3.52
2011-12-20,3.95
2011-12-21,3.89
2011-12-22,3.89
2011-12-23,3.95
2011-12-24,3.95
2011-12-25,3.95
2011-12-26,4.02
2011-12-27,4.07
2011-12-28,4.19
2011-12-29,4.17
2011-12-30,4.25
2011-12-31,4.25
2012-01-01,4.25
2012-01-02,5.22
2012-01-03,4.88
2012-01-04,5.57
2012-01-05,6.95
2012-01-06,6.7
2012-01-07,6.7
2012-01-08,6.7
2012-01-09,6.33
2012-01-10,6.36
2012-01-11,6.9
2012-01-12,6.8
2012-01-13,6.41
2012-01-14,6.41
2012-01-15,6.41
2012-01-16,6.68
2012-01-17,5.6
2012-01-18,5.92
2012-01-19,6.36
2012-01-20,6.49
2012-01-21,6.49
2012-01-22,6.49
2012-01-23,6.36
2012-01-24,6.29
2012-01-25,5.75
2012-01-26,5.34
2012-01-27,5.29
2012-01-28,5.29
2012-01-29,5.29
2012-01-30,5.49
2012-01-31,5.48
2012-02-01,6.08
2012-02-02,6.1
2012-02-03,5.96
2012-02-04,5.96
2012-02-05,5.96
2012-02-06,5.45
2012-02-07,5.69
2012-02-08,5.6
2012-02-09,5.83
2012-02-10,5.91
2012-02-11,5.91
2012-02-12,5.91
2012-02-13,5.26
2012-02-14,4.46
2012-02-15,4.33
2012-02-16,4.27
2012-02-17,4.41
2012-02-18,4.41
2012-02-19,4.41
2012-02-20,4.36
2012-02-21,4.27
2012-02-22,4.42
2012-02-23,5.02
2012-02-24,5.03
2012-02-25,5.03
2012-02-26,5.03
2012-02-27,4.96
2012-02-28,4.87
2012-02-29,4.86
2012-03-01,4.92
2012-03-02,4.7
2012-03-03,4.7
2012-03-04,4.7
2012-03-05,4.98
2012-03-06,4.99
2012-03-07,4.94
2012-03-08,4.93
2012-03-09,4.86
2012-03-10,4.86
2012-03-11,4.86
2012-03-12,4.89
2012-03-13,5.27
2012-03-14,5.38
2012-03-15,5.33
2012-03-16,5.34
2012-03-17,5.34
2012-03-18,5.34
2012-03-19,4.69
2012-03-20,4.84
2012-03-21,4.81
2012-03-22,4.7
2012-03-23,4.69
2012-03-24,4.69
2012-03-25,4.69
2012-03-26,4.62
2012-03-27,4.81
2012-03-28,4.79
2012-03-29,4.81
2012-03-30,4.86
2012-03-31,4.86
2012-04-01,4.86
2012-04-02,4.97
2012-04-03,4.95
2012-04-04,4.91
2012-04-05,4.92
2012-04-06,4.95
2012-04-07,4.95
2012-04-08,4.95
2012-04-09,4.87
2012-04-10,4.84
2012-04-11,4.93
2012-04-12,4.92
2012-04-13,4.94
2012-04-14,4.94
2012-04-15,4.94
2012-04-16,4.93
2012-04-17,4.98
2012-04-18,5.12
2012-04-19,5.14
2012-04-20,5.35
2012-04-21,5.35
2012-04-22,5.35
2012-04-23,4.96
2012-04-24,5.1
2012-04-25,5.13
2012-04-26,5.1
2012-04-27,5.11
2012-04-28,5.11
2012-04-29,5.11
2012-04-30,4.95
2012-05-01,5.0
2012-05-02,5.07
2012-05-03,5.13
2012-05-04,5.07
2012-05-05,5.07
2012-05-06,5.07
2012-05-07,5.06
2012-05-08,5.05
2012-05-09,5.04
2012-05-10,4.85
2012-05-11,4.96
2012-05-12,4.96
2012-05-13,4.96
2012-05-14,5.01
2012-05-15,5.04
2012-05-16,5.09
2012-05-17,5.1
2012-05-18,5.12
2012-05-19,5.12
2012-05-20,5.12
2012-05-21,5.1
2012-05-22,5.1
2012-05-23,5.14
2012-05-24,5.12
2012-05-25,5.15
2012-05-26,5.15
2012-05-27,5.15
2012-05-28,5.14
2012-05-29,5.15
2012-05-30,5.14
2012-05-31,5.18
2012-06-01,5.27
2012-06-02,5.27
2012-06-03,5.27
2012-06-04,5.27
2012-06-05,5.44
2012-06-06,5.46
2012-06-07,5.59
2012-06-08,5.63
2012-06-09,5.63
2012-06-10,5.63
2012-06-11,5.57
2012-06-12,5.7
2012-06-13,5.93
2012-06-14,5.95
2012-06-15,6.5
2012-06-16,6.5
2012-06-17,6.5
2012-06-18,6.31
2012-06-19,6.5
2012-06-20,6.67
2012-06-21,6.68
2012-06-22,6.55
2012-06-23,6.55
2012-06-24,6.55
2012-06-25,6.3
2012-06-26,6.42
2012-06-27,6.65
2012-06-28,6.61
2012-06-29,6.65
2012-06-30,6.65
2012-07-01,6.65
2012-07-02,6.76
2012-07-03,6.45
2012-07-04,6.51
2012-07-05,6.67
2012-07-06,6.65
2012-07-07,6.65
2012-07-08,6.65
2012-07-09,7.02
2012-07-10,7.2
2012-07-11,7.15
2012-07-12,7.76
2012-07-13,7.67
2012-07-14,7.67
2012-07-15,7.67
2012-07-16,8.5
2012-07-17,8.8
2012-07-18,9.11
2012-07-19,8.87
2012-07-20,8.52
2012-07-21,8.52
2012-07-22,8.52
2012-07-23,8.45
2012-07-24,8.6
2012-07-25,8.8
2012-07-26,8.9
2012-07-27,8.9
2012-07-28,8.9
2012-07-29,8.9
2012-07-30,9.1
2012-07-31,9.35
2012-08-01,9.55
2012-08-02,10.53
2012-08-03,10.97
2012-08-04,10.97
2012-08-05,10.97
2012-08-06,10.86
2012-08-07,11.1
2012-08-08,11.06
2012-08-09,11.06
2012-08-10,11.39
2012-08-11,11.39
2012-08-12,11.39
2012-08-13,12.04
2012-08-14,12.19
2012-08-15,13.25
2012-08-16,13.5
2012-08-17,11.58
2012-08-18,11.58
2012-08-19,11.58
2012-08-20,10.1
2012-08-21,9.92
2012-08-22,9.81
2012-08-23,10.1
2012-08-24,10.6
2012-08-25,10.6
2012-08-26,10.6
2012-08-27,10.95
2012-08-28,10.94
2012-08-29,10.92
2012-08-30,10.78
2012-08-31,10.16
2012-09-01,10.16
2012-09-02,10.16
2012-09-03,10.53
2012-09-04,10.38
2012-09-05,11.0
2012-09-06,11.18
2012-09-07,11.0
2012-09-08,11.0
2012-09-09,11.0
2012-09-10,11.17
2012-09-11,11.33
2012-09-12,11.36
2012-09-13,11.4
2012-09-14,11.67
2012-09-15,11.67
2012-09-16,11.67
2012-09-17,11.89
2012-09-18,12.25
2012-09-19,12.57
2012-09-20,12.28
2012-09-21,12.37
2012-09-22,12.37
2012-09-23,12.37
2012-09-24,12.1
2012-09-25,12.2
2012-09-26,12.27
2012-09-27,12.31
2012-09-28,12.39
2012-09-29,12.39
2012-09-30,12.39
2012-10-01,12.4
2012-10-02,12.84
2012-10-03,12.89
2012-10-04,12.85
2012-10-05,12.69
2012-10-06,12.69
2012-10-07,12.69
2012-10-08,11.78
2012-10-09,11.9
2012-10-10,12.12
2012-10-11,12.03
2012-10-12,12.0
2012-10-13,12.0
2012-10-14,12.0
2012-10-15,11.84
2012-10-16,11.85
2012-10-17,11.81
2012-10-18,11.94
2012-10-19,11.74
2012-10-20,11.74
2012-10-21,11.74
2012-10-22,11.71
2012-10-23,11.65
2012-10-24,11.65
2012-10-25,10.86
2012-10-26,10.17
2012-10-27,10.17
2012-10-28,10.17
2012-10-29,10.6
2012-10-30,10.89
2012-10-31,11.2
2012-11-01,10.57
2012-11-02,10.47
2012-11-03,10.47
2012-11-04,10.47
2012-11-05,10.75
2012-11-06,10.9
2012-11-07,10.92
2012-11-08,10.93
2012-11-09,10.82
2012-11-10,10.82
2012-11-11,10.82
2012-11-12,11.01
2012-11-13,10.95
2012-11-14,10.95
2012-11-15,11.2
2012-11-16,11.75
2012-11-17,11.75
2012-11-18,11.75
2012-11-19,11.8
2012-11-20,11.73
2012-11-21,11.77
2012-11-22,12.42
2012-11-23,12.35
2012-11-24,12.35
2012-11-25,12.35
2012-11-26,12.25
2012-11-27,12.2
2012-11-28,12.35
2012-11-29,12.45
2012-11-30,12.57
2012-12-01,12.57
2012-12-02,12.57
2012-12-03,12.68
2012-12-04,13.41
2012-12-05,13.38
2012-12-06,13.3
2012-12-07,13.5
2012-12-08,13.5
2012-12-09,13.5
2012-12-10,13.43
2012-12-11,13.56
2012-12-12,13.7
2012-12-13,13.7
2012-12-14,13.6
2012-12-15,13.6
2012-12-16,13.6
2012-12-17,13.25
2012-12-18,13.3
2012-12-19,13.6
2012-12-20,13.52
2012-12-21,13.5
2012-12-22,13.5
2012-12-23,13.5
2012-12-24,13.38
2012-12-25,13.35
2012-12-26,13.47
2012-12-27,13.42
2012-12-28,13.42
2012-12-29,13.42
2012-12-30,13.42
2012-12-31,13.51
2013-01-01,13.3
2013-01-02,13.28
2013-01-03,13.4
2013-01-04,13.5
2013-01-05,13.5
2013-01-06,13.5
2013-01-07,13.59
2013-01-08,13.74
2013-01-09,13.77
2013-01-10,14.14
2013-01-11,14.14
2013-01-12,14.14
2013-01-13,14.14
2013-01-14,14.3
2013-01-15,14.25
2013-01-16,14.73
2013-01-17,15.5
2013-01-18,15.7
2013-01-19,15.7
2013-01-20,15.7
2013-01-21,16.8
2013-01-22,17.26
2013-01-23,17.5
2013-01-24,16.9
2013-01-25,17.4
2013-01-26,17.4
2013-01-27,17.4
2013-01-28,18.72
2013-01-29,19.53
2013-01-30,19.7
2013-01-31,20.41
2013-02-01,20.5
2013-02-02,20.5
2013-02-03,20.5
2013-02-04,20.43
2013-02-05,20.6
2013-02-06,21.18
2013-02-07,22.15
2013-02-08,22.66
2013-02-09,22.66
2013-02-10,22.66
2013-02-11,24.65
2013-02-12,25.17
2013-02-13,24.2
2013-02-14,27.22
2013-02-15,27.1
2013-02-16,27.1
2013-02-17,27.1
2013-02-18,26.95
2013-02-19,29.42
2013-02-20,29.65
2013-02-21,29.75
2013-02-22,30.25
2013-02-23,30.25
2013-02-24,30.25
2013-02-25,30.4
2013-02-26,31.1
2013-02-27,30.9
2013-02-28,33.38
2013-03-01,34.5
2013-03-02,34.5
2013-03-03,34.5
2013-03-04,36.15
2013-03-05,40.33
2013-03-06,41.02
2013-03-07,42.0
2013-03-08,44.18
2013-03-09,44.18
2013-03-10,44.18
2013-03-11,48.4
2013-03-12,44.29
2013-03-13,46.92
2013-03-14,47.17
2013-03-15,46.95
2013-03-16,46.95
2013-03-17,46.95
2013-03-18,51.6
2013-03-19,59.14
2013-03-20,64.49
2013-03-21,70.85
2013-03-22,69.87
2013-03-23,69.87
2013-03-24,69.87
2013-03-25,73.6
2013-03-26,78.5
2013-03-27,88.92
2013-03-28,86.18
2013-03-29,90.5
2013-03-30,90.5
2013-03-31,90.5
2013-04-01,102.0
2013-04-02,132.0
2013-04-03,131.79
2013-04-04,136.0
2013-04-05,142.5
2013-04-06,142.5
2013-04-07,142.5
2013-04-08,191.73
2013-04-09,234.25
2013-04-10,181.69
2013-04-11,99.62
2013-04-12,110.0
2013-04-13,110.0
2013-04-14,110.0
2013-04-15,91.0
2013-04-16,75.6
2013-04-17,91.98
2013-04-18,126.5
2013-04-19,118.0
2013-04-20,118.0
2013-04-21,118.0
2013-04-22,127.9
2013-04-23,145.38
2013-04-24,156.01
2013-04-25,129.78
2013-04-26,136.8
2013-04-27,136.8
2013-04-28,136.8
2013-04-29,144.5
2013-04-30,133.75
2013-05-01,118.74
2013-05-02,95.46
2013-05-03,101.72
2013-05-04,101.72
2013-05-05,101.72
2013-05-06,109.49
2013-05-07,111.01
2013-05-08,111.9
2013-05-09,112.5
2013-05-10,114.1
2013-05-11,114.1
2013-05-12,114.1
2013-05-13,118.29
2013-05-14,113.0
2013-05-15,114.2
2013-05-16,117.49
2013-05-17,123.13
2013-05-18,123.13
2013-05-19,123.13
2013-05-20,122.4
2013-05-21,123.1
2013-05-22,124.2
2013-05-23,126.56
2013-05-24,132.0
2013-05-25,132.0
2013-05-26,132.0
2013-05-27,127.81
2013-05-28,128.84
2013-05-29,130.55
2013-05-30,127.99
2013-05-31,127.2
2013-06-01,127.2
2013-06-02,127.2
2013-06-03,121.66
2013-06-04,120.82
2013-06-05,121.5
2013-06-06,118.86
2013-06-07,110.8
2013-06-08,110.8
2013-06-09,110.8
2013-06-10,105.3
2013-06-11,108.0
2013-06-12,108.36
2013-06-13,103.0
2013-06-14,98.62
2013-06-15,98.62
2013-06-16,98.62
2013-06-17,103.22
2013-06-18,109.15
2013-06-19,108.0
2013-06-20,112.51
2013-06-21,108.94
2013-06-22,108.94
2013-06-23,108.94
2013-06-24,104.56
2013-06-25,103.96
2013-06-26,102.99
2013-06-27,97.33
2013-06-28,96.99
2013-06-29,96.99
2013-06-30,96.99
2013-07-01,89.2
2013-07-02,90.0
2013-07-03,76.3
2013-07-04,77.48
2013-07-05,69.93
2013-07-06,69.93
2013-07-07,69.93
2013-07-08,76.0
2013-07-09,76.88
2013-07-10,87.0
2013-07-11,99.1
2013-07-12,90.9
2013-07-13,90.9
2013-07-14,90.9
2013-07-15,98.98
2013-07-16,98.95
2013-07-17,92.0
2013-07-18,89.03
2013-07-19,92.3
2013-07-20,92.3
2013-07-21,92.3
2013-07-22,92.77
2013-07-23,89.88
2013-07-24,90.41
2013-07-25,91.53
2013-07-26,89.34
2013-07-27,89.34
2013-07-28,89.34
2013-07-29,94.32
2013-07-30,98.98
2013-07-31,97.25
2013-08-01,95.55
2013-08-02,96.66
2013-08-03,96.66
2013-08-04,96.66
2013-08-05,98.56
2013-08-06,97.24
2013-08-07,97.08
2013-08-08,94.87
2013-08-09,93.81
2013-08-10,93.81
2013-08-11,93.81
2013-08-12,95.52
2013-08-13,99.65
2013-08-14,99.5
2013-08-15,99.06
2013-08-16,98.48
2013-08-17,98.48
2013-08-18,98.48
2013-08-19,103.18
2013-08-20,106.18
2013-08-21,111.53
2013-08-22,108.0
2013-08-23,107.76
2013-08-24,107.76
2013-08-25,107.76
2013-08-26,115.69
2013-08-27,117.65
2013-08-28,118.48
2013-08-29,118.6
2013-08-30,126.02
2013-08-31,126.02
2013-09-01,126.02
2013-09-02,129.4
2013-09-03,129.69
2013-09-04,121.94
2013-09-05,122.49
2013-09-06,117.9
2013-09-07,117.9
2013-09-08,117.9
2013-09-09,123.12
2013-09-10,122.65
2013-09-11,126.61
2013-09-12,127.1
2013-09-13,127.0
2013-09-14,127.0
2013-09-15,127.0
2013-09-16,126.32
2013-09-17,126.86
2013-09-18,127.31
2013-09-19,124.1
2013-09-20,121.7
2013-09-21,121.7
2013-09-22,121.7
2013-09-23,122.99
2013-09-24,124.65
2013-09-25,124.33
2013-09-26,126.4
2013-09-27,126.1
2013-09-28,126.1
2013-09-29,126.1
2013-09-30,127.09
2013-10-01,127.42
2013-10-02,112.75
2013-10-03,119.12
2013-10-04,122.06
2013-10-05,122.06
2013-10-06,122.06
2013-10-07,123.71
2013-10-08,124.99
2013-10-09,126.0
2013-10-10,126.28
2013-10-11,126.85
2013-10-12,126.85
2013-10-13,126.85
2013-10-14,135.89
2013-10-15,147.15
2013-10-16,140.68
2013-10-17,143.77
2013-10-18,160.07
2013-10-19,160.07
2013-10-20,160.07
2013-10-21,191.58
2013-10-22,194.04
2013-10-23,191.77
2013-10-24,186.51
2013-10-25,183.34
2013-10-26,183.34
2013-10-27,183.34
2013-10-28,198.58
2013-10-29,200.58
2013-10-30,202.47
2013-10-31,206.34
2013-11-01,208.18
2013-11-02,208.18
2013-11-03,208.18
2013-11-04,236.56
2013-11-05,256.21
2013-11-06,291.71
2013-11-07,313.08
2013-11-08,325.65
2013-11-09,325.65
2013-11-10,325.65
2013-11-11,350.02
2013-11-12,369.84
2013-11-13,409.23
2013-11-14,409.23
2013-11-15,430.62
2013-11-16,430.62
2013-11-17,430.62
2013-11-18,691.61
2013-11-19,516.92
2013-11-20,626.77
2013-11-21,714.96
2013-11-22,843.95
2013-11-23,843.95
2013-11-24,843.95
2013-11-25,834.0
2013-11-26,926.3
2013-11-27,983.43
2013-11-28,1055.58
2013-11-29,1137.0
2013-11-30,1137.0
2013-12-01,1137.0
2013-12-02,1023.99
2013-12-03,1056.5
2013-12-04,1130.0
2013-12-05,990.0
2013-12-06,552.16
2013-12-07,552.16
2013-12-08,552.16
2013-12-09,926.0
2013-12-10,942.73
2013-12-11,863.0
2013-12-12,893.4
2013-12-13,869.9
2013-12-14,869.9
2013-12-15,869.9
2013-12-16,729.36
2013-12-17,533.71
2013-12-18,564.48
2013-12-19,707.82
2013-12-20,599.47
2013-12-21,599.47
2013-12-22,599.47
2013-12-23,651.01
2013-12-24,648.27
2013-12-25,710.42
2013-12-26,706.42
2013-12-27,721.44
2013-12-28,721.44
2013-12-29,721.44
2013-12-30,720.94
2013-12-31,746.89
2014-01-01,747.81
2014-01-02,785.17
2014-01-03,801.89
2014-01-04,801.89
2014-01-05,801.89
2014-01-06,914.51
2014-01-07,797.71
2014-01-08,839.0
2014-01-09,813.46
2014-01-10,858.86
2014-01-11,858.86
2014-01-12,858.86
2014-01-13,829.94
2014-01-14,833.54
2014-01-15,845.1
2014-01-16,813.8
2014-01-17,808.55
2014-01-18,808.55
2014-01-19,808.55
2014-01-20,820.84
2014-01-21,822.86
2014-01-22,817.04
2014-01-23,773.1
2014-01-24,793.49
2014-01-25,793.49
2014-01-26,793.49
2014-01-27,762.81
2014-01-28,793.26
2014-01-29,787.1
2014-01-30,799.33
2014-01-31,806.69
2014-02-01,806.69
2014-02-02,806.69
2014-02-03,806.83
2014-02-04,804.61
2014-02-05,786.06
2014-02-06,687.72
2014-02-07,727.52
2014-02-08,727.52
2014-02-09,727.52
2014-02-10,713.06
2014-02-11,669.32
2014-02-12,657.38
2014-02-13,581.64
2014-02-14,652.18
2014-02-15,652.18
2014-02-16,652.18
2014-02-17,642.5
2014-02-18,626.32
2014-02-19,612.22
2014-02-20,571.37
2014-02-21,563.31
2014-02-22,563.31
2014-02-23,563.31
2014-02-24,451.58
2014-02-25,609.96
2014-02-26,580.76
2014-02-27,578.79
2014-02-28,566.91
2014-03-01,566.91
2014-03-02,566.91
2014-03-03,669.76
2014-03-04,672.1
2014-03-05,667.0
2014-03-06,660.9
2014-03-07,626.74
2014-03-08,626.74
2014-03-09,626.74
2014-03-10,628.25
2014-03-11,638.8
2014-03-12,639.03
2014-03-13,637.27
2014-03-14,635.5
2014-03-15,635.5
2014-03-16,635.5
2014-03-17,613.0
2014-03-18,617.86
2014-03-19,603.85
2014-03-20,581.84
2014-03-21,571.71
2014-03-22,571.71
2014-03-23,571.71
2014-03-24,582.45
2014-03-25,572.0
2014-03-26,561.62
2014-03-27,513.58
2014-03-28,504.0
2014-03-29,504.0
2014-03-30,504.0
2014-03-31,465.75
2014-04-01,482.23
2014-04-02,429.86
2014-04-03,436.23
2014-04-04,455.27
2014-04-05,455.27
2014-04-06,455.27
2014-04-07,454.2
2014-04-08,452.62
2014-04-09,428.9
2014-04-10,376.9
2014-04-11,426.53
2014-04-12,426.53
2014-04-13,426.53
2014-04-14,426.53
2014-04-15,517.6
2014-04-16,527.14
2014-04-17,496.81
2014-04-18,476.17
2014-04-19,476.17
2014-04-20,476.17
2014-04-21,503.18
2014-04-22,496.18
2014-04-23,492.02
2014-04-24,476.52
2014-04-25,462.59
2014-04-26,462.59
2014-04-27,462.59
2014-04-28,439.17
2014-04-29,447.81
2014-04-30,448.23
2014-05-01,460.93
2014-05-02,451.51
2014-05-03,451.51
2014-05-04,438.44
2014-05-05,430.34
2014-05-06,427.66
2014-05-07,447.46
2014-05-08,441.8
2014-05-09,452.29
2014-05-10,452.29
2014-05-11,436.17
2014-05-12,441.44
2014-05-13,437.55
2014-05-14,448.31
2014-05-15,447.38
2014-05-16,449.68
2014-05-17,449.68
2014-05-18,445.91
2014-05-19,449.06
2014-05-20,489.43
2014-05-21,494.18
2014-05-22,522.31
2014-05-23,532.48
2014-05-24,532.48
2014-05-25,574.93
2014-05-26,581.81
2014-05-27,577.54
2014-05-28,570.67
2014-05-29,568.62
2014-05-30,613.92
2014-05-31,613.92
2014-06-01,647.41
2014-06-02,655.27
2014-06-03,671.83
2014-06-04,648.99
2014-06-05,659.99
2014-06-06,652.65
2014-06-07,652.65
2014-06-08,654.19
2014-06-09,646.2
2014-06-10,645.34
2014-06-11,634.44
2014-06-12,591.01
2014-06-13,582.37
2014-06-14,582.37
2014-06-15,574.04
2014-06-16,592.81
2014-06-17,606.39
2014-06-18,605.32
2014-06-19,604.87
2014-06-20,594.47
2014-06-21,594.47
2014-06-22,598.6
2014-06-23,586.97
2014-06-24,585.23
2014-06-25,570.43
2014-06-26,571.59
2014-06-27,576.53
2014-06-28,576.53
2014-06-29,594.53
2014-06-30,646.97
2014-07-01,643.33
2014-07-02,648.22
2014-07-03,642.87
2014-07-04,634.88
2014-07-05,634.88
2014-07-06,634.5
2014-07-07,623.92
2014-07-08,624.81
2014-07-09,624.14
2014-07-10,618.05
2014-07-11,633.68
2014-07-12,633.68
2014-07-13,629.42
2014-07-14,622.08
2014-07-15,621.74
2014-07-16,619.47
2014-07-17,623.03
2014-07-18,628.86
2014-07-19,628.86
2014-07-20,624.29
2014-07-21,620.78
2014-07-22,621.84
2014-07-23,620.0
2014-07-24,603.65
2014-07-25,599.5
2014-07-26,599.5
2014-07-27,594.18
2014-07-28,592.19
2014-07-29,582.28
2014-07-30,564.63
2014-07-31,586.36
2014-08-01,600.03
2014-08-02,600.03
2014-08-03,587.07
2014-08-04,586.86
2014-08-05,579.65
2014-08-06,580.67
2014-08-07,591.68
2014-08-08,591.32
2014-08-09,591.32
2014-08-10,586.48
2014-08-11,575.31
2014-08-12,570.17
2014-08-13,542.95
2014-08-14,513.7
2014-08-15,496.75
2014-08-16,496.75
2014-08-17,486.79
2014-08-18,457.43
2014-08-19,483.36
2014-08-20,514.21
2014-08-21,522.72
2014-08-22,516.93
2014-08-23,516.93
2014-08-24,508.83
2014-08-25,505.47
2014-08-26,509.84
2014-08-27,517.01
2014-08-28,508.15
2014-08-29,509.35
2014-08-30,509.35
2014-08-31,479.7
2014-09-01,481.87
2014-09-02,478.21
2014-09-03,476.63
2014-09-04,487.1
2014-09-05,478.42
2014-09-06,478.42
2014-09-07,477.99
2014-09-08,469.77
2014-09-09,473.01
2014-09-10,483.24
2014-09-11,475.52
2014-09-12,471.48
2014-09-13,471.48
2014-09-14,475.89
2014-09-15,475.62
2014-09-16,463.89
2014-09-17,444.81
2014-09-18,417.44
2014-09-19,396.47
2014-09-20,396.47
2014-09-21,399.71
2014-09-22,402.47
2014-09-23,448.34
2014-09-24,428.4
2014-09-25,407.43
2014-09-26,407.29
2014-09-27,407.29
2014-09-28,380.68
2014-09-29,375.22
2014-09-30,389.68
2014-10-01,383.45
2014-10-02,376.86
2014-10-03,358.65
2014-10-04,358.65
2014-10-05,309.1
2014-10-06,333.34
2014-10-07,330.68
2014-10-08,350.6
2014-10-09,366.31
2014-10-10,358.05
2014-10-11,358.05
2014-10-12,370.7
2014-10-13,388.77
2014-10-14,407.23
2014-10-15,391.87
2014-10-16,383.19
2014-10-17,381.6
2014-10-18,381.6
2014-10-19,387.92
2014-10-20,385.22
2014-10-21,386.69
2014-10-22,384.19
2014-10-23,359.65
2014-10-24,358.09
2014-10-25,358.09
2014-10-26,355.21
2014-10-27,351.88
2014-10-28,355.88
2014-10-29,341.22
2014-10-30,347.62
2014-10-31,342.38
2014-11-01,342.38
2014-11-02,325.03
2014-11-03,327.51
2014-11-04,327.55
2014-11-05,339.76
2014-11-06,349.63
2014-11-07,342.67
2014-11-08,342.67
2014-11-09,358.36
2014-11-10,365.92
2014-11-11,367.91
2014-11-12,426.3
2014-11-13,404.73
2014-11-14,396.45
2014-11-15,396.45
2014-11-16,387.59
2014-11-17,385.86
2014-11-18,378.73
2014-11-19,376.69
2014-11-20,357.97
2014-11-21,353.8
2014-11-22,353.8
2014-11-23,368.03
2014-11-24,378.44
2014-11-25,376.92
2014-11-26,366.6
2014-11-27,369.29
2014-11-28,377.77
2014-11-29,377.77
2014-11-30,375.76
2014-12-01,378.21
2014-12-02,379.37
2014-12-03,284.18
2014-12-04,372.94
2014-12-05,378.61
2014-12-06,378.61
2014-12-07,378.61
2014-12-08,367.72
2014-12-09,352.55
2014-12-10,350.42
2014-12-11,350.33
2014-12-12,356.43
2014-12-13,356.43
2014-12-14,355.02
2014-12-15,348.15
2014-12-16,333.36
2014-12-17,321.05
2014-12-18,311.39
2014-12-19,314.26
2014-12-20,314.26
2014-12-21,319.36
2014-12-22,329.54
2014-12-23,334.99
2014-12-24,321.87
2014-12-25,319.4
2014-12-26,329.49
2014-12-27,329.49
2014-12-28,315.83
2014-12-29,314.25
2014-12-30,310.17
2014-12-31,317.36
2015-01-01,314.49
2015-01-02,314.73
2015-01-03,314.73
2015-01-04,266.26
2015-01-05,270.93
2015-01-06,286.41
2015-01-07,296.13
2015-01-08,293.83
2015-01-09,289.81
2015-01-10,289.81
2015-01-11,268.12
2015-01-12,270.65
2015-01-13,236.05
2015-01-14,183.07
2015-01-15,206.68
2015-01-16,208.34
2015-01-17,208.34
2015-01-18,207.87
2015-01-19,216.21
2015-01-20,211.18
2015-01-21,225.1
2015-01-22,231.92
2015-01-23,237.01
2015-01-24,237.01
2015-01-25,251.78
2015-01-26,271.61
2015-01-27,261.76
2015-01-28,235.94
2015-01-29,234.12
2015-01-30,229.67
2015-01-31,229.67
2015-02-01,231.1
2015-02-02,227.3
2015-02-03,227.86
2015-02-04,224.98
2015-02-05,218.76
2015-02-06,223.37
2015-02-07,223.37
2015-02-08,222.08
2015-02-09,221.0
2015-02-10,219.7
2015-02-11,219.39
2015-02-12,222.2
2015-02-13,234.25
2015-02-14,234.25
2015-02-15,231.03
2015-02-16,237.01
2015-02-17,241.53
2015-02-18,233.48
2015-02-19,240.91
2015-02-20,244.84
2015-02-21,244.84
2015-02-22,235.59
2015-02-23,240.42
2015-02-24,239.34
2015-02-25,237.97
2015-02-26,236.5
2015-02-27,254.87
2015-02-28,254.87
2015-03-01,258.18
2015-03-02,272.88
2015-03-03,283.36
2015-03-04,273.1
2015-03-05,279.93
2015-03-06,273.25
2015-03-07,273.25
2015-03-08,274.29
2015-03-09,289.07
2015-03-10,293.19
2015-03-11,294.55
2015-03-12,296.15
2015-03-13,288.4
2015-03-14,288.4
2015-03-15,285.65
2015-03-16,290.13
2015-03-17,287.46
2015-03-18,263.42
2015-03-19,256.95
2015-03-20,263.17
2015-03-21,263.17
2015-03-22,266.74
2015-03-23,266.4
2015-03-24,247.76
2015-03-25,244.13
2015-03-26,248.76
2015-03-27,248.55
2015-03-28,248.55
2015-03-29,242.67
2015-03-30,247.52
2015-03-31,244.14
2015-04-01,245.82
2015-04-02,252.07
2015-04-03,254.51
2015-04-04,254.51
2015-04-05,256.03
2015-04-06,254.58
2015-04-07,254.94
2015-04-08,246.11
2015-04-09,242.91
2015-04-10,234.99
2015-04-11,234.99
2015-04-12,236.13
2015-04-13,225.16
2015-04-14,218.31
2015-04-15,220.23
2015-04-16,228.99
2015-04-17,223.31
2015-04-18,223.31
2015-04-19,223.21
2015-04-20,224.35
2015-04-21,233.03
2015-04-22,233.67
2015-04-23,234.7
2015-04-24,231.41
2015-04-25,231.41
2015-04-26,222.07
2015-04-27,223.73
2015-04-28,224.41
2015-04-29,226.48
2015-04-30,236.58
2015-05-01,234.8
2015-05-02,234.8
2015-05-03,241.09
2015-05-04,237.51
2015-05-05,234.69
2015-05-06,234.0
2015-05-07,237.2
2015-05-08,245.31
2015-05-09,245.31
2015-05-10,239.94
2015-05-11,242.61
2015-05-12,241.38
2015-05-13,243.2
2015-05-14,236.81
2015-05-15,237.31
2015-05-16,237.31
2015-05-17,235.81
2015-05-18,232.08
2015-05-19,231.83
2015-05-20,233.92
2015-05-21,235.51
2015-05-22,239.53
2015-05-23,239.53
2015-05-24,240.86
2015-05-25,235.57
2015-05-26,236.2
2015-05-27,235.57
2015-05-28,236.08
2015-05-29,235.95
2015-05-30,235.95
2015-05-31,231.78
2015-06-01,221.98
2015-06-02,225.09
2015-06-03,226.96
2015-06-04,223.68
2015-06-05,224.88
2015-06-06,224.88
2015-06-07,222.48
2015-06-08,228.48
2015-06-09,229.81
2015-06-10,228.46
2015-06-11,228.8
2015-06-12,229.9
2015-06-13,229.9
2015-06-14,232.17
2015-06-15,235.93
2015-06-16,246.32
2015-06-17,250.31
2015-06-18,249.08
2015-06-19,246.04
2015-06-20,246.04
2015-06-21,241.92
2015-06-22,247.24
2015-06-23,244.36
2015-06-24,240.98
2015-06-25,240.66
2015-06-26,241.27
2015-06-27,241.27
2015-06-28,248.63
2015-06-29,255.53
2015-06-30,260.97
2015-07-01,258.85
2015-07-02,255.81
2015-07-03,255.22
2015-07-04,255.22
2015-07-05,269.69
2015-07-06,273.94
2015-07-07,265.92
2015-07-08,268.05
2015-07-09,270.31
2015-07-10,287.13
2015-07-11,287.13
2015-07-12,309.16
2015-07-13,289.49
2015-07-14,290.34
2015-07-15,290.77
2015-07-16,278.11
2015-07-17,278.27
2015-07-18,278.27
2015-07-19,275.34
2015-07-20,277.55
2015-07-21,279.28
2015-07-22,276.53
2015-07-23,276.95
2015-07-24,288.16
2015-07-25,288.16
2015-07-26,291.52
2015-07-27,294.93
2015-07-28,295.59
2015-07-29,291.45
2015-07-30,287.48
2015-07-31,284.69
2015-08-01,284.69
2015-08-02,281.59
2015-08-03,283.89
2015-08-04,285.31
2015-08-05,282.83
2015-08-06,278.81
2015-08-07,279.66
2015-08-08,279.66
2015-08-09,262.77
2015-08-10,265.13
2015-08-11,266.21
2015-08-12,269.9
2015-08-13,265.37
2015-08-14,266.56
2015-08-15,266.56
2015-08-16,257.07
2015-08-17,257.88
2015-08-18,250.66
2015-08-19,227.11
2015-08-20,236.13
2015-08-21,233.14
2015-08-22,233.14
2015-08-23,228.34
2015-08-24,215.17
2015-08-25,226.0
2015-08-26,226.84
2015-08-27,227.01
2015-08-28,233.59
2015-08-29,233.59
2015-08-30,227.97
2015-08-31,230.41
2015-09-01,226.98
2015-09-02,229.2
2015-09-03,227.35
2015-09-04,231.09
2015-09-05,231.09
2015-09-06,241.46
2015-09-07,240.78
2015-09-08,244.11
2015-09-09,239.48
2015-09-10,239.5
2015-09-11,239.9
2015-09-12,239.9
2015-09-13,230.09
2015-09-14,231.37
2015-09-15,229.79
2015-09-16,228.14
2015-09-17,233.23
2015-09-18,233.24
2015-09-19,233.24
2015-09-20,230.56
2015-09-21,227.48
2015-09-22,229.95
2015-09-23,230.17
2015-09-24,235.07
2015-09-25,234.61
2015-09-26,234.61
2015-09-27,232.27
2015-09-28,237.84
2015-09-29,237.23
2015-09-30,236.99
2015-10-01,237.95
2015-10-02,237.6
2015-10-03,237.6
2015-10-04,238.49
2015-10-05,239.61
2015-10-06,246.2
2015-10-07,245.09
2015-10-08,243.84
2015-10-09,244.5
2015-10-10,244.5
2015-10-11,247.66
2015-10-12,245.99
2015-10-13,249.46
2015-10-14,253.76
2015-10-15,254.77
2015-10-16,260.48
2015-10-17,260.48
2015-10-18,263.3
2015-10-19,263.97
2015-10-20,270.37
2015-10-21,268.67
2015-10-22,275.52
2015-10-23,278.12
2015-10-24,278.12
2015-10-25,290.12
2015-10-26,286.15
2015-10-27,295.44
2015-10-28,302.06
2015-10-29,313.52
2015-10-30,323.23
2015-10-31,323.23
2015-11-01,326.35
2015-11-02,363.76
2015-11-03,395.0
2015-11-04,411.96
2015-11-05,403.09
2015-11-06,370.07
2015-11-07,370.07
2015-11-08,370.63
2015-11-09,376.64
2015-11-10,334.15
2015-11-11,307.53
2015-11-12,326.5
2015-11-13,332.93
2015-11-14,332.93
2015-11-15,319.95
2015-11-16,330.33
2015-11-17,336.11
2015-11-18,337.11
2015-11-19,327.96
2015-11-20,321.27
2015-11-21,321.27
2015-11-22,324.38
2015-11-23,324.46
2015-11-24,320.91
2015-11-25,328.16
2015-11-26,349.57
2015-11-27,359.56
2015-11-28,359.56
2015-11-29,367.18
2015-11-30,376.82
2015-12-01,361.0
2015-12-02,361.14
2015-12-03,360.61
2015-12-04,362.4
2015-12-05,362.4
2015-12-06,395.76
2015-12-07,393.72
2015-12-08,396.1
2015-12-09,416.11
2015-12-10,416.82
2015-12-11,450.55
2015-12-12,450.55
2015-12-13,437.68
2015-12-14,440.51
2015-12-15,462.96
2015-12-16,457.44
2015-12-17,454.68
2015-12-18,461.66
2015-12-19,461.66
2015-12-20,439.99
2015-12-21,434.63
2015-12-22,436.86
2015-12-23,444.79
2015-12-24,453.19
2015-12-25,455.88
2015-12-26,455.88
2015-12-27,422.95
2015-12-28,419.21
2015-12-29,428.95
2015-12-30,427.13
2015-12-31,432.12
2016-01-01,434.35
2016-01-02,434.35
2016-01-03,428.61
2016-01-04,434.94
2016-01-05,432.6
2016-01-06,430.8
2016-01-07,455.36
2016-01-08,452.42
2016-01-09,452.42
2016-01-10,447.32
2016-01-11,448.92
2016-01-12,447.05
2016-01-13,428.83
2016-01-14,432.13
2016-01-15,387.31
2016-01-16,387.31
2016-01-17,387.08
2016-01-18,383.87
2016-01-19,379.99
2016-01-20,407.11
2016-01-21,406.9
2016-01-22,379.03
2016-01-23,379.03
2016-01-24,402.04
2016-01-25,391.32
2016-01-26,393.13
2016-01-27,394.65
2016-01-28,382.23
2016-01-29,375.2
2016-01-30,375.2
2016-01-31,377.29
2016-02-01,370.15
2016-02-02,373.43
2016-02-03,368.69
2016-02-04,386.84
2016-02-05,384.88
2016-02-06,384.88
2016-02-07,373.72
2016-02-08,372.42
2016-02-09,373.34
2016-02-10,377.64
2016-02-11,375.13
2016-02-12,381.62
2016-02-13,381.62
2016-02-14,399.74
2016-02-15,396.13
2016-02-16,405.53
2016-02-17,418.59
2016-02-18,419.82
2016-02-19,418.69
2016-02-20,418.69
2016-02-21,437.68
2016-02-22,437.25
2016-02-23,420.56
2016-02-24,423.4
2016-02-25,423.27
2016-02-26,423.96
2016-02-27,423.96
2016-02-28,433.46
2016-02-29,433.91
2016-03-01,431.38
2016-03-02,428.02
2016-03-03,419.91
2016-03-04,411.29
2016-03-05,411.29
2016-03-06,406.64
2016-03-07,411.91
2016-03-08,411.36
2016-03-09,411.43
2016-03-10,416.14
2016-03-11,418.65
2016-03-12,418.65
2016-03-13,412.74
2016-03-14,413.78
2016-03-15,415.07
2016-03-16,416.63
2016-03-17,418.37
2016-03-18,405.78
2016-03-19,405.78
2016-03-20,411.06
2016-03-21,410.76
2016-03-22,416.84
2016-03-23,418.16
2016-03-24,416.06
2016-03-25,415.92
2016-03-26,415.92
2016-03-27,424.4
2016-03-28,421.98
2016-03-29,414.96
2016-03-30,413.53
2016-03-31,416.85
2016-04-01,416.64
2016-04-02,416.64
2016-04-03,419.32
2016-04-04,419.0
2016-04-05,421.94
2016-04-06,421.83
2016-04-07,422.0
2016-04-08,419.34
2016-04-09,419.34
2016-04-10,421.83
2016-04-11,422.98
2016-04-12,425.37
2016-04-13,424.6
2016-04-14,424.94
2016-04-15,429.79
2016-04-16,429.79
2016-04-17,428.1
2016-04-18,428.56
2016-04-19,432.64
2016-04-20,442.82
2016-04-21,451.13
2016-04-22,448.56
2016-04-23,448.56
2016-04-24,463.96
2016-04-25,468.5
2016-04-26,469.1
2016-04-27,454.0
2016-04-28,449.71
2016-04-29,455.15
2016-04-30,455.15
2016-05-01,452.39
2016-05-02,446.11
2016-05-03,450.66
2016-05-04,447.39
2016-05-05,448.67
2016-05-06,462.1
2016-05-07,462.1
2016-05-08,458.76
2016-05-09,462.13
2016-05-10,454.51
2016-05-11,452.52
2016-05-12,452.69
2016-05-13,456.15
2016-05-14,456.15
2016-05-15,457.77
2016-05-16,453.16
2016-05-17,453.66
2016-05-18,454.69
2016-05-19,443.06
2016-05-20,441.56
2016-05-21,441.56
2016-05-22,439.36
2016-05-23,442.31
2016-05-24,444.83
2016-05-25,448.14
2016-05-26,453.0
2016-05-27,470.89
2016-05-28,470.89
2016-05-29,531.22
2016-05-30,531.25
2016-05-31,521.74
2016-06-01,535.91
2016-06-02,536.28
2016-06-03,576.55
2016-06-04,576.55
2016-06-05,574.51
2016-06-06,581.67
2016-06-07,577.68
2016-06-08,579.79
2016-06-09,575.46
2016-06-10,578.98
2016-06-11,578.98
2016-06-12,664.18
2016-06-13,690.0
2016-06-14,689.56
2016-06-15,693.44
2016-06-16,762.67
2016-06-17,754.37
2016-06-18,754.37
2016-06-19,760.46
2016-06-20,740.94
2016-06-21,651.85
2016-06-22,611.11
2016-06-23,613.38
2016-06-24,657.05
2016-06-25,657.05
2016-06-26,635.51
2016-06-27,642.87
2016-06-28,647.39
2016-06-29,638.8
2016-06-30,665.27
2016-07-01,677.36
2016-07-02,677.36
2016-07-03,659.73
2016-07-04,675.83
2016-07-05,669.94
2016-07-06,675.16
2016-07-07,621.5
2016-07-08,660.7
2016-07-09,660.7
2016-07-10,649.22
2016-07-11,650.39
2016-07-12,667.84
2016-07-13,662.44
2016-07-14,661.28
2016-07-15,669.01
2016-07-16,669.01
2016-07-17,680.74
2016-07-18,673.05
2016-07-19,671.2
2016-07-20,665.58
2016-07-21,664.6
2016-07-22,657.65
2016-07-23,657.65
2016-07-24,661.17
2016-07-25,655.94
2016-07-26,656.0
2016-07-27,657.22
2016-07-28,656.0
2016-07-29,657.67
2016-07-30,657.67
2016-07-31,632.0
2016-08-01,616.76
2016-08-02,568.59
2016-08-03,568.96
2016-08-04,573.56
2016-08-05,577.23
2016-08-06,577.23
2016-08-07,591.16
2016-08-08,593.58
2016-08-09,586.03
2016-08-10,595.34
2016-08-11,589.72
2016-08-12,586.46
2016-08-13,586.46
2016-08-14,569.41
2016-08-15,568.23
2016-08-16,579.56
2016-08-17,573.23
2016-08-18,574.24
2016-08-19,575.4
2016-08-20,575.4
2016-08-21,580.68
2016-08-22,585.96
2016-08-23,580.94
2016-08-24,579.12
2016-08-25,575.71
2016-08-26,577.84
2016-08-27,577.84
2016-08-28,573.67
2016-08-29,573.2
2016-08-30,575.22
2016-08-31,572.41
2016-09-01,571.9
2016-09-02,574.23
2016-09-03,574.23
2016-09-04,604.19
2016-09-05,607.88
2016-09-06,611.14
2016-09-07,614.55
2016-09-08,625.7
2016-09-09,620.84
2016-09-10,620.84
2016-09-11,602.27
2016-09-12,606.92
2016-09-13,608.67
2016-09-14,609.86
2016-09-15,606.82
2016-09-16,606.86
2016-09-17,606.86
2016-09-18,608.38
2016-09-19,609.32
2016-09-20,608.39
2016-09-21,595.31
2016-09-22,596.61
2016-09-23,602.0
2016-09-24,602.0
2016-09-25,600.17
2016-09-26,606.34
2016-09-27,602.9
2016-09-28,604.39
2016-09-29,606.52
2016-09-30,605.99
2016-10-01,605.99
2016-10-02,609.68
2016-10-03,612.58
2016-10-04,609.22
2016-10-05,612.79
2016-10-06,611.75
2016-10-07,617.94
2016-10-08,617.94
2016-10-09,615.67
2016-10-10,616.89
2016-10-11,637.73
2016-10-12,634.14
2016-10-13,635.24
2016-10-14,638.58
2016-10-15,638.58
2016-10-16,640.55
2016-10-17,637.1
2016-10-18,632.76
2016-10-19,628.47
2016-10-20,628.83
2016-10-21,630.53
2016-10-22,630.53
2016-10-23,649.47
2016-10-24,648.56
2016-10-25,654.08
2016-10-26,669.58
2016-10-27,681.14
2016-10-28,688.36
2016-10-29,688.36
2016-10-30,699.88
2016-10-31,702.17
2016-11-01,727.97
2016-11-02,730.21
2016-11-03,695.18
2016-11-04,698.86
2016-11-05,698.86
2016-11-06,711.15
2016-11-07,706.9
2016-11-08,711.51
2016-11-09,717.24
2016-11-10,709.83
2016-11-11,714.94
2016-11-12,714.94
2016-11-13,704.6
2016-11-14,706.89
2016-11-15,710.94
2016-11-16,741.01
2016-11-17,738.34
2016-11-18,743.26
2016-11-19,743.26
2016-11-20,726.77
2016-11-21,737.46
2016-11-22,747.89
2016-11-23,739.75
2016-11-24,736.33
2016-11-25,737.69
2016-11-26,737.69
2016-11-27,732.18
2016-11-28,731.27
2016-11-29,731.34
2016-11-30,743.26
2016-12-01,752.42
2016-12-02,774.0
2016-12-03,774.0
2016-12-04,764.73
2016-12-05,753.78
2016-12-06,757.6
2016-12-07,766.43
2016-12-08,770.91
2016-12-09,771.14
2016-12-10,771.14
2016-12-11,768.3
2016-12-12,777.62
2016-12-13,781.51
2016-12-14,777.97
2016-12-15,776.71
2016-12-16,780.68
2016-12-17,780.68
2016-12-18,789.84
2016-12-19,790.38
2016-12-20,793.04
2016-12-21,825.33
2016-12-22,861.51
2016-12-23,904.48
2016-12-24,904.48
2016-12-25,890.9
2016-12-26,898.25
2016-12-27,931.73
2016-12-28,967.36
2016-12-29,968.09
2016-12-30,952.01
2016-12-31,952.01
2017-01-01,1003.0
2017-01-02,1012.35
2017-01-03,1024.38
2017-01-04,1091.66
2017-01-05,971.26
2017-01-06,898.16
2017-01-07,898.16
2017-01-08,917.41
2017-01-09,897.51
2017-01-10,909.81
2017-01-11,789.11
2017-01-12,827.63
2017-01-13,830.7
2017-01-14,830.7
2017-01-15,822.2
2017-01-16,833.1
2017-01-17,898.92
2017-01-18,875.76
2017-01-19,907.31
2017-01-20,898.86
2017-01-21,898.86
2017-01-22,920.85
2017-01-23,921.64
2017-01-24,898.19
2017-01-25,895.34
2017-01-26,914.19
2017-01-27,919.95
2017-01-28,919.95
2017-01-29,917.01
2017-01-30,922.79
2017-01-31,961.69
2017-02-01,979.37
2017-02-02,1010.14
2017-02-03,1011.67
2017-02-04,1011.67
2017-02-05,1013.48
2017-02-06,1025.29
2017-02-07,1052.19
2017-02-08,1060.55
2017-02-09,977.4
2017-02-10,1004.03
2017-02-11,1004.03
2017-02-12,1002.11
2017-02-13,1002.4
2017-02-14,1011.27
2017-02-15,1015.44
2017-02-16,1038.54
2017-02-17,1058.86
2017-02-18,1058.86
2017-02-19,1055.12
2017-02-20,1064.11
2017-02-21,1115.67
2017-02-22,1129.3
2017-02-23,1164.1
2017-02-24,1177.28
2017-02-25,1177.28
2017-02-26,1177.78
2017-02-27,1194.26
2017-02-28,1192.7
2017-03-01,1225.32
2017-03-02,1257.94
2017-03-03,1277.39
2017-03-04,1277.39
2017-03-05,1277.57
2017-03-06,1277.65
2017-03-07,1245.0
2017-03-08,1165.19
2017-03-09,1199.86
2017-03-10,1100.56
2017-03-11,1100.56
2017-03-12,1223.39
2017-03-13,1237.5
2017-03-14,1253.21
2017-03-15,1251.57
2017-03-16,1148.5
2017-03-17,1096.91
2017-03-18,1096.91
2017-03-19,1039.64
2017-03-20,1023.8
2017-03-21,1092.56
2017-03-22,1009.31
2017-03-23,1038.9
2017-03-24,960.74
2017-03-25,960.74
2017-03-26,974.59
2017-03-27,1023.73
2017-03-28,1030.17
2017-03-29,1039.32
2017-03-30,1035.44
2017-03-31,1074.69
2017-04-01,1074.69
2017-04-02,1109.08
2017-04-03,1153.83
2017-04-04,1138.86
2017-04-05,1128.13
2017-04-06,1199.17
2017-04-07,1199.24
2017-04-08,1199.24
2017-04-09,1210.11
2017-04-10,1203.1
2017-04-11,1226.7
2017-04-12,1216.07
2017-04-13,1170.01
2017-04-14,1183.59
2017-04-15,1183.59
2017-04-16,1180.36
2017-04-17,1193.94
2017-04-18,1204.67
2017-04-19,1206.45
2017-04-20,1240.02
2017-04-21,1242.73
2017-04-22,1242.73
2017-04-23,1245.74
2017-04-24,1255.91
2017-04-25,1281.47
2017-04-26,1294.3
2017-04-27,1347.91
2017-04-28,1304.91
2017-04-29,1304.91
2017-04-30,1356.03
2017-05-01,1435.89
2017-05-02,1439.45
2017-05-03,1516.69
2017-05-04,1502.29
2017-05-05,1529.41
2017-05-06,1529.41
2017-05-07,1556.06
2017-05-08,1657.55
2017-05-09,1712.16
2017-05-10,1776.34
2017-05-11,1820.84
2017-05-12,1691.8
2017-05-13,1691.8
2017-05-14,1790.31
2017-05-15,1719.63
2017-05-16,1769.41
2017-05-17,1816.73
2017-05-18,1883.04
2017-05-19,1938.04
2017-05-20,1938.04
2017-05-21,2011.23
2017-05-22,2149.63
2017-05-23,2216.18
2017-05-24,2435.88
2017-05-25,2465.54
2017-05-26,2268.7
2017-05-27,2268.7
2017-05-28,2118.76
2017-05-29,2306.61
2017-05-30,2249.94
2017-05-31,2286.1
2017-06-01,2410.55
2017-06-02,2430.83
2017-06-03,2430.83
2017-06-04,2504.5
2017-06-05,2663.5
2017-06-06,2871.13
2017-06-07,2738.88
2017-06-08,2749.46
2017-06-09,2834.48
2017-06-10,2834.48
2017-06-11,2922.82
2017-06-12,2599.16
2017-06-13,2701.55
2017-06-14,2552.48
2017-06-15,2361.34
2017-06-16,2484.65
2017-06-17,2484.65
2017-06-18,2471.55
2017-06-19,2573.17
2017-06-20,2749.63
2017-06-21,2659.27
2017-06-22,2671.67
2017-06-23,2707.64
2017-06-24,2707.64
2017-06-25,2472.48
2017-06-26,2347.32
2017-06-27,2457.46
2017-06-28,2593.58
2017-06-29,2558.28
2017-06-30,2502.5
2017-07-01,2502.5
2017-07-02,2497.65
2017-07-03,2557.75
2017-07-04,2575.53
2017-07-05,2611.09
2017-07-06,2597.68
2017-07-07,2514.87
2017-07-08,2514.87
2017-07-09,2527.97
2017-07-10,2384.54
2017-07-11,2328.94
2017-07-12,2382.02
2017-07-13,2337.69
2017-07-14,2159.05
2017-07-15,2159.05
2017-07-16,1865.67
2017-07-17,2174.02
2017-07-18,2348.48
2017-07-19,2255.0
2017-07-20,2729.32
2017-07-21,2640.5
2017-07-22,2640.5
2017-07-23,2785.0
2017-07-24,2760.01
2017-07-25,2468.53
2017-07-26,2503.29
2017-07-27,2583.77
2017-07-28,2755.65
2017-07-29,2755.65
2017-07-30,2717.71
2017-07-31,2886.71
2017-08-01,2740.99
2017-08-02,2691.01
2017-08-03,2781.45
2017-08-04,2832.0
2017-08-05,2832.0
2017-08-06,3265.55
2017-08-07,3341.29
2017-08-08,3447.35
2017-08-09,3361.7
2017-08-10,3424.49
2017-08-11,3588.05
2017-08-12,3588.05
2017-08-13,4010.46
2017-08-14,4262.99
2017-08-15,4071.6
2017-08-16,4350.42
2017-08-17,4350.42
2017-08-18,4022.75
2017-08-19,4022.75
2017-08-20,4124.91
2017-08-21,3997.99
2017-08-22,4073.01
2017-08-23,4134.37
2017-08-24,4234.0
2017-08-25,4329.03
2017-08-26,4329.03
2017-08-27,4362.85
2017-08-28,4339.74
2017-08-29,4597.02
2017-08-30,4574.99
2017-08-31,4741.39
2017-09-01,4880.85
2017-09-02,4880.85
2017-09-03,4580.98
2017-09-04,4362.08
2017-09-05,4458.44
2017-09-06,4569.25
2017-09-07,4575.48
2017-09-08,4247.55
2017-09-09,4247.55
2017-09-10,4289.22
2017-09-11,4192.47
2017-09-12,4179.95
2017-09-13,4179.95
2017-09-14,4179.95
2017-09-15,4179.95
2017-09-16,4179.95
2017-09-17,3747.8
2017-09-18,4006.56
2017-09-19,3905.56
2017-09-20,3957.01
2017-09-21,3647.5
2017-09-22,3615.1
2017-09-23,3615.1
2017-09-24,3669.78
2017-09-25,3941.31
2017-09-26,3908.25
2017-09-27,4154.27
2017-09-28,4164.5
2017-09-29,4171.25
2017-09-30,4171.25
2017-10-01,4335.84
2017-10-02,4391.34
2017-10-03,4283.49
2017-10-04,4200.44
2017-10-05,4347.1
2017-10-06,4339.4
2017-10-07,4339.4
2017-10-08,4583.01
2017-10-09,4841.19
2017-10-10,4873.1
2017-10-11,4826.85
2017-10-12,5317.43
2017-10-13,5614.64
2017-10-14,5614.64
2017-10-15,5524.56
2017-10-16,5678.73
2017-10-17,5577.3
2017-10-18,5507.01
2017-10-19,5700.17
2017-10-20,5973.19
2017-10-21,5973.19
2017-10-22,5881.65
2017-10-23,5911.12
2017-10-24,5593.52
2017-10-25,5679.54
2017-10-26,5842.24
2017-10-27,5753.71
2017-10-28,5753.71
2017-10-29,6176.91
2017-10-30,6099.6
2017-10-31,6377.45
2017-11-01,6580.0
2017-11-02,7057.82
2017-11-03,7228.65
2017-11-04,7228.65
2017-11-05,7369.78
2017-11-06,7127.39
2017-11-07,7074.84
2017-11-08,7260.63
2017-11-09,7120.48
2017-11-10,6581.83
2017-11-11,6581.83
2017-11-12,5893.08
2017-11-13,6506.62
2017-11-14,6590.9
2017-11-15,7291.96
2017-11-16,7892.22
2017-11-17,7701.88
2017-11-18,7701.88
2017-11-19,8019.16
2017-11-20,8245.04
2017-11-21,8134.25
2017-11-22,8134.25
2017-11-23,8134.25
2017-11-24,8134.25
2017-11-25,8134.25
2017-11-26,8134.25
2017-11-27,8134.25
2017-11-28,8134.25
2017-11-29,8134.25
2017-11-30,8134.25
2017-12-01,10899.25
2017-12-02,10899.25
2017-12-03,10930.29
2017-12-04,11500.01
2017-12-05,11776.95
2017-12-06,13346.75
2017-12-07,16051.08
2017-12-08,15644.0
2017-12-09,15644.0
2017-12-10,14705.41
2017-12-11,17148.2
2017-12-12,17248.22
2017-12-13,16752.0
2017-12-14,16503.72
2017-12-15,17630.12
2017-12-16,17630.12
2017-12-17,19041.63
2017-12-18,18674.48
2017-12-19,16964.39
2017-12-20,16210.13
2017-12-21,15385.2
2017-12-22,14239.65
2017-12-23,14239.65
2017-12-24,13147.99
2017-12-25,13768.02
2017-12-26,15925.0
2017-12-27,15189.39
2017-12-28,13939.48
2017-12-29,14310.94
2017-12-30,14310.94
2017-12-31,14043.06
2018-01-01,13624.57
2018-01-02,14784.6
2018-01-03,15055.23
2018-01-04,14946.35
2018-01-05,16753.24
2018-01-06,16753.24
2018-01-07,16200.0
2018-01-08,14935.7
2018-01-09,14554.08
2018-01-10,14494.74
2018-01-11,13462.98
2018-01-12,13746.58
2018-01-13,13746.58
2018-01-14,13383.28
2018-01-15,13916.82
2018-01-16,10720.0
2018-01-17,11376.69
2018-01-18,11605.5
2018-01-19,11366.61
2018-01-20,11366.61
2018-01-21,11366.62
2018-01-22,10354.0
2018-01-23,10981.05
2018-01-24,11213.37
2018-01-25,11256.52
2018-01-26,10874.79
2018-01-27,10874.79
2018-01-28,11755.16
2018-01-29,11207.0
2018-01-30,10086.8
2018-01-31,9962.31
2018-02-01,9094.2
2018-02-02,8570.0
2018-02-03,8570.0
2018-02-04,8077.39
2018-02-05,7100.87
2018-02-06,7764.6
2018-02-07,8087.51
2018-02-08,8171.19
2018-02-09,8552.65
2018-02-10,8552.65
2018-02-11,8315.1
2018-02-12,8831.25
2018-02-13,8557.91
2018-02-14,9287.96
2018-02-15,9873.45
2018-02-16,10088.2
2018-02-17,10088.2
2018-02-18,10784.81
2018-02-19,11081.41
2018-02-20,11705.73
2018-02-21,10286.84
2018-02-22,9915.69
2018-02-23,9920.01
2018-02-24,9920.01
2018-02-25,9596.64
2018-02-26,10380.3
2018-02-27,10755.9
2018-02-28,10538.02
2018-03-01,10933.75
2018-03-02,11029.95
2018-03-03,11029.95
2018-03-04,11400.19
2018-03-05,11555.99
2018-03-06,10790.35
2018-03-07,9939.53
2018-03-08,9330.23
2018-03-09,9004.84
2018-03-10,9004.84
2018-03-11,9613.95
2018-03-12,9017.65
2018-03-13,9062.92
2018-03-14,8304.32
2018-03-15,8251.71
2018-03-16,8524.17
2018-03-17,8524.17
2018-03-18,7655.03
2018-03-19,8427.2
2018-03-20,8920.33
2018-03-21,8895.59
2018-03-22,8598.85
2018-03-23,8616.25
2018-03-24,8616.25
2018-03-25,8605.14
2018-03-26,7888.84
2018-03-27,7990.87
2018-03-28,7906.96
2018-03-29,7098.14
2018-03-30,6852.51
2018-03-31,6852.51
2018-04-01,6890.64
2018-04-02,6937.38
2018-04-03,7401.4
2018-04-04,6830.76
2018-04-05,6749.55
2018-04-06,6604.48
2018-04-07,6604.48
2018-04-08,6955.33
2018-04-09,6662.14
2018-04-10,6839.62
2018-04-11,6891.03
2018-04-12,7730.47
2018-04-13,7903.91
2018-04-14,7903.91
2018-04-15,8287.52
2018-04-16,7986.06
2018-04-17,7914.7
2018-04-18,8187.53
2018-04-19,8233.85
2018-04-20,8524.52
2018-04-21,8524.52
2018-04-22,8893.04
2018-04-23,8932.25
2018-04-24,9449.88
2018-04-25,9073.19
2018-04-26,9118.96
2018-04-27,8977.07
2018-04-28,8977.07
2018-04-29,9295.78
2018-04-30,9272.7
2018-05-01,9015.73
2018-05-02,9175.76
2018-05-03,9652.04
2018-05-04,9683.54
2018-05-05,9683.54
2018-05-06,9514.36
2018-05-07,9437.62
2018-05-08,9160.97
2018-05-09,9248.19
2018-05-10,9092.67
2018-05-11,8432.01
2018-05-12,8432.01
2018-05-13,8714.52
2018-05-14,8811.66
2018-05-15,8518.76
2018-05-16,8291.23
2018-05-17,8204.05
2018-05-18,8229.58
2018-05-19,8229.58
2018-05-20,8554.55
2018-05-21,8406.89
2018-05-22,8108.52
2018-05-23,7590.0
2018-05-24,7552.45
2018-05-25,7448.08
2018-05-26,7448.08
2018-05-27,7314.74
2018-05-28,7214.8
2018-05-29,7501.54
2018-05-30,7337.26
2018-05-31,7538.28
2018-06-01,7437.74
2018-06-02,7437.74
2018-06-03,7724.98
2018-06-04,7525.77
2018-06-05,7629.53
2018-06-06,7619.32
2018-06-07,7660.06
2018-06-08,7646.28
2018-06-09,7646.28
2018-06-10,6710.06
2018-06-11,6760.89
2018-06-12,6531.39
2018-06-13,6260.96
2018-06-14,6658.78
2018-06-15,6497.97
2018-06-16,6497.97
2018-06-17,6491.0
2018-06-18,6727.55
2018-06-19,6695.44
2018-06-20,6748.89
2018-06-21,6719.47
2018-06-22,6070.19
2018-06-23,6070.19
2018-06-24,6189.28
2018-06-25,6250.81
2018-06-26,6181.64
2018-06-27,6124.96
2018-06-28,6044.92
2018-06-29,5899.64
2018-06-30,5899.64
2018-07-01,6348.59
2018-07-02,6620.01
2018-07-03,6613.86
2018-07-04,6686.23
2018-07-05,6507.68
2018-07-06,6570.76
2018-07-07,6570.76
2018-07-08,6743.0
2018-07-09,6695.86
2018-07-10,6387.83
2018-07-11,6354.19
2018-07-12,6172.95
2018-07-13,6185.23
2018-07-14,6185.23
2018-07-15,6372.23
2018-07-16,6661.85
2018-07-17,7314.0
2018-07-18,7336.6
2018-07-19,7418.83
2018-07-20,7351.07
2018-07-21,7351.07
2018-07-22,7523.48
2018-07-23,7702.88
2018-07-24,8227.05
2018-07-25,8176.35
2018-07-26,8138.47
2018-07-27,8225.12
2018-07-28,8225.12
2018-07-29,8193.47
2018-07-30,8146.16
2018-07-31,7689.43
2018-08-01,7482.23
2018-08-02,7546.53
2018-08-03,7388.58
2018-08-04,7388.58
2018-08-05,7049.57
2018-08-06,6919.84
2018-08-07,6877.76
2018-08-08,6316.9
2018-08-09,6507.67
2018-08-10,6191.24
2018-08-11,6191.24
2018-08-12,6339.47
2018-08-13,6277.69
2018-08-14,6074.26
2018-08-15,6374.87
2018-08-16,6255.1
2018-08-17,6480.85
2018-08-18,6480.85
2018-08-19,6536.55
2018-08-20,6455.22
2018-08-21,6451.86
2018-08-22,6331.13
2018-08-23,6418.67
2018-08-24,6611.44
2018-08-25,6611.44
2018-08-26,6678.58
2018-08-27,6719.04
2018-08-28,7083.46
2018-08-29,7042.05
2018-08-30,6916.68
2018-08-31,7044.6
2018-09-01,7044.6
2018-09-02,7280.88
2018-09-03,7298.59
2018-09-04,7361.57
2018-09-05,6949.01
2018-09-06,6440.22
2018-09-07,6446.93
2018-09-08,6446.93
2018-09-09,6386.93
2018-09-10,6301.63
2018-09-11,6253.25
2018-09-12,6305.47
2018-09-13,6467.47
2018-09-14,6535.01
2018-09-15,6535.01
2018-09-16,6500.09
2018-09-17,6216.01
2018-09-18,6317.7
2018-09-19,6423.81
2018-09-20,6377.21
2018-09-21,6708.69
2018-09-22,6708.69
2018-09-23,6676.59
2018-09-24,6626.29
2018-09-25,6386.6
2018-09-26,6497.72
2018-09-27,6694.08
2018-09-28,6643.42
2018-09-29,6643.42
2018-09-30,6561.3
2018-10-01,6550.06
2018-10-02,6524.3
2018-10-03,6438.41
2018-10-04,6546.01
2018-10-05,6539.04
2018-10-06,6539.04
2018-10-07,6532.65
2018-10-08,6623.01
2018-10-09,6579.83
2018-10-10,6534.38
2018-10-11,6204.33
2018-10-12,6214.23
2018-10-13,6214.23
2018-10-14,6217.26
2018-10-15,6390.7
2018-10-16,6460.39
2018-10-17,6437.85
2018-10-18,6392.22
2018-10-19,6384.37
2018-10-20,6384.37
2018-10-21,6438.3
2018-10-22,6413.52
2018-10-23,6390.78
2018-10-24,6425.61
2018-10-25,6400.44
2018-10-26,6401.99
2018-10-27,6401.99
2018-10-28,6395.61
2018-10-29,6243.46
2018-10-30,6265.27
2018-10-31,6302.4
2018-11-01,6335.36
2018-11-02,6351.1
2018-11-03,6351.1
2018-11-04,6413.12
2018-11-05,6400.96
2018-11-06,6420.95
2018-11-07,6501.65
2018-11-08,6419.5
2018-11-09,6326.2
2018-11-10,6326.2
2018-11-11,6314.2
2018-11-12,6309.96
2018-11-13,6280.74
2018-11-14,5551.06
2018-11-15,5469.65
2018-11-16,5451.72
2018-11-17,5451.72
2018-11-18,5543.73
2018-11-19,4785.55
2018-11-20,4337.68
2018-11-21,4450.42
2018-11-22,4427.83
2018-11-23,4260.57
2018-11-24,4260.57
2018-11-25,4048.03
2018-11-26,3663.84
2018-11-27,3767.37
2018-11-28,4221.02
2018-11-29,4183.59
2018-11-30,3930.38
2018-12-01,3930.38
2018-12-02,4148.09
2018-12-03,3870.97
2018-12-04,3898.03
2018-12-05,3723.53
2018-12-06,3596.41
2018-12-07,3388.91
2018-12-08,3388.91
2018-12-09,3526.26
2018-12-10,3400.92
2018-12-11,3373.78
2018-12-12,3440.18
2018-12-13,3254.81
2018-12-14,3156.89
2018-12-15,3156.89
2018-12-16,3203.6
2018-12-17,3493.65
2018-12-18,3535.18
2018-12-19,3668.85
2018-12-20,3993.58
2018-12-21,3848.6
2018-12-22,3848.6
2018-12-23,3848.6
2018-12-24,3848.6
2018-12-25,3848.6
2018-12-26,3848.6
2018-12-27,3585.43
2018-12-28,3892.14
2018-12-29,3892.14
2018-12-30,3821.31
2018-12-31,3674.18
2019-01-01,3720.6
2019-01-02,3884.98
2019-01-03,3794.92
2019-01-04,3833.53
2019-01-05,3833.53
2019-01-06,4031.29
2019-01-07,4005.34
2019-01-08,4000.42
2019-01-09,4003.99
2019-01-10,4003.99
2019-01-11,4003.99
2019-01-12,4003.99
2019-01-13,3516.03
2019-01-14,3663.59
2019-01-15,3568.48
2019-01-16,3568.48
2019-01-17,3568.48
2019-01-18,3568.48
2019-01-19,3568.48
2019-01-20,3538.45
2019-01-21,3521.04
2019-01-22,3574.52
2019-01-23,3544.51
2019-01-24,3570.93
2019-01-25,3558.51
2019-01-26,3558.51
2019-01-27,3541.27
2019-01-28,3541.27
2019-01-29,3401.14
2019-01-30,3432.64
2019-01-31,3417.04
2019-02-01,3448.51
2019-02-02,3448.51
2019-02-03,3395.68
2019-02-04,3417.03
2019-02-05,3422.6
2019-02-06,3366.32
2019-02-07,3358.91
2019-02-08,3594.91
2019-02-09,3594.91
2019-02-10,3605.5
2019-02-11,3591.59
2019-02-12,3576.31
2019-02-13,3571.42
2019-02-14,3570.02
2019-02-15,3564.79
2019-02-16,3564.79
2019-02-17,3585.56
2019-02-18,3852.25
2019-02-19,3887.89
2019-02-20,3912.98
2019-02-21,3897.72
2019-02-22,3941.75
2019-02-23,3941.75
2019-02-24,3787.61
2019-02-25,3805.67
2019-02-26,3790.19
2019-02-27,3749.38
2019-02-28,3802.53
2019-03-01,3828.22
2019-03-02,3828.22
2019-03-03,3788.98
2019-03-04,3699.76
2019-03-05,3833.97
2019-03-06,3845.71
2019-03-07,3871.42
2019-03-08,3868.84
2019-03-09,3868.84
2019-03-10,3896.7
2019-03-11,3847.91
2019-03-12,3865.41
2019-03-13,3852.32
2019-03-14,3851.57
2019-03-15,3897.41
2019-03-16,3897.41
2019-03-17,3975.48
2019-03-18,3971.19
2019-03-19,3991.47
2019-03-20,4009.47
2019-03-21,3973.24
2019-03-22,3977.74
2019-03-23,3977.74
2019-03-24,3958.02
2019-03-25,3887.56
2019-03-26,3912.6
2019-03-27,4008.98
2019-03-28,4010.76
2019-03-29,4072.16
2019-03-30,4072.16
2019-03-31,4092.97
2019-04-01,4126.69
2019-04-02,4802.47
2019-04-03,5296.0
2019-04-04,4847.05
2019-04-05,4999.01
2019-04-06,4999.01
2019-04-07,5142.94
2019-04-08,5252.89
2019-04-09,5220.08
2019-04-10,5302.92
2019-04-11,5054.03
2019-04-12,5042.54
2019-04-13,5042.54
2019-04-14,5089.29
2019-04-15,5021.53
2019-04-16,5185.02
2019-04-17,5221.26
2019-04-18,5308.57
2019-04-19,5269.97
2019-04-20,5269.97
2019-04-21,5239.36
2019-04-22,5365.89
2019-04-23,5580.07
2019-04-24,5435.81
2019-04-25,5495.18
2019-04-26,5097.52
2019-04-27,5097.52
2019-04-28,5129.43
2019-04-29,5129.68
2019-04-30,5237.87
2019-05-01,5307.8
2019-05-02,5405.46
2019-05-03,5689.05
2019-05-04,5689.05
2019-05-05,5767.57
2019-05-06,5693.95
2019-05-07,5844.63
2019-05-08,5900.67
2019-05-09,6080.72
2019-05-10,6291.33
2019-05-11,6291.33
2019-05-12,7172.67
2019-05-13,7864.38
2019-05-14,7719.93
2019-05-15,8171.07
2019-05-16,7676.51
2019-05-17,7106.31
2019-05-18,7106.31
2019-05-19,7106.31
2019-05-20,7106.31
2019-05-21,8086.18
2019-05-22,7832.46
2019-05-23,7878.46
2019-05-24,8112.36
2019-05-25,8112.36
2019-05-26,8582.04
2019-05-27,8754.64
2019-05-28,8687.79
2019-05-29,8646.35
2019-05-30,8463.48
2019-05-31,8503.38
2019-06-01,8503.38
2019-06-02,8687.43
2019-06-03,8556.11
2019-06-04,7651.38
2019-06-05,7732.88
2019-06-06,7690.61
2019-06-07,7898.63
2019-06-08,7898.63
2019-06-09,7718.88
2019-06-10,7943.46
2019-06-11,7926.36
2019-06-12,8120.45
2019-06-13,8261.05
2019-06-14,8452.83
2019-06-15,8452.83
2019-06-16,8932.64
2019-06-17,9273.06
2019-06-18,9125.34
2019-06-19,9167.27
2019-06-20,9562.66
2019-06-21,9939.81
2019-06-22,9939.81
2019-06-23,9939.81
2019-06-24,10856.69
2019-06-25,11366.24
2019-06-26,12733.71
2019-06-27,10686.14
2019-06-28,12212.7
2019-06-29,12212.7
2019-06-30,11392.98
2019-07-01,10481.86
2019-07-02,10714.88
2019-07-03,11378.23
2019-07-04,11721.74
2019-07-05,11034.0
2019-07-06,11034.0
2019-07-07,11507.39
2019-07-08,12207.1
2019-07-09,12401.88
2019-07-10,11778.8
2019-07-11,11146.07
2019-07-12,11907.36
2019-07-13,11907.36
2019-07-14,10641.23
2019-07-15,10821.99
2019-07-16,9595.05
2019-07-17,9686.99
2019-07-18,10616.88
2019-07-19,10529.52
2019-07-20,10529.52
2019-07-21,10504.08
2019-07-22,10322.33
2019-07-23,10147.93
2019-07-24,9671.71
2019-07-25,9874.05
2019-07-26,9834.23
2019-07-27,9834.23
2019-07-28,9834.23
2019-07-29,9516.61
2019-07-30,9541.65
2019-07-31,10026.61
2019-08-01,10411.97
2019-08-02,10399.38
2019-08-03,10399.38
2019-08-04,10945.5
2019-08-05,11723.69
2019-08-06,11643.41
2019-08-07,11863.77
2019-08-08,11595.78
2019-08-09,11864.63
2019-08-10,11864.63
2019-08-11,11409.65
2019-08-12,11418.31
2019-08-13,10882.13
2019-08-14,10171.6
2019-08-15,10372.72
2019-08-16,10395.4
2019-08-17,10395.4
2019-08-18,10363.71
2019-08-19,10678.85
2019-08-20,10706.71
2019-08-21,10155.19
2019-08-22,10182.76
2019-08-23,10361.52
2019-08-24,10361.52
2019-08-25,9998.22
2019-08-26,10265.73
2019-08-27,10143.08
2019-08-28,9669.45
2019-08-29,9526.03
2019-08-30,9626.18
2019-08-31,9626.18
2019-09-01,9638.82
2019-09-02,10408.87
2019-09-03,10712.47
2019-09-04,10626.01
2019-09-05,10518.1
2019-09-06,10356.88
2019-09-07,10356.88
2019-09-08,10366.7
2019-09-09,10237.89
2019-09-10,10052.99
2019-09-11,10099.08
2019-09-12,10331.07
2019-09-13,10270.67
2019-09-14,10270.67
2019-09-15,10275.78
2019-09-16,10215.87
2019-09-17,10250.3
2019-09-18,10196.93
2019-09-19,10258.85
2019-09-20,10135.94
2019-09-21,10135.94
2019-09-22,10008.8
2019-09-23,9765.49
2019-09-24,8582.0
2019-09-25,8511.8
2019-09-26,8094.12
2019-09-27,8060.97
2019-09-28,8060.97
2019-09-29,8013.75
2019-09-30,8240.9
2019-10-01,8380.24
2019-10-02,8235.09
2019-10-03,8161.33
2019-10-04,8161.33
2019-10-05,8161.33
2019-10-06,8161.33
2019-10-07,8161.33
2019-10-08,8161.33
2019-10-09,8590.16
2019-10-10,8580.86
2019-10-11,8342.93
2019-10-12,8342.93
2019-10-13,8263.34
2019-10-14,8343.42
2019-10-15,8144.33
2019-10-16,7988.24
2019-10-17,8046.49
2019-10-18,7947.7
2019-10-19,7947.7
2019-10-20,8226.5
2019-10-21,8207.68
2019-10-22,8125.1
2019-10-23,7491.38
2019-10-24,7456.59
2019-10-25,8574.4
2019-10-26,8574.4
2019-10-27,9623.68
2019-10-28,9456.3
2019-10-29,9446.04
2019-10-30,9184.99
2019-10-31,9189.42
2019-11-01,9212.68
2019-11-02,9212.68
2019-11-03,9157.7
2019-11-04,9443.36
2019-11-05,9357.06
2019-11-06,9314.92
2019-11-07,9209.87
2019-11-08,8866.55
2019-11-09,8866.55
2019-11-10,9042.05
2019-11-11,8736.17
2019-11-12,8764.95
2019-11-13,8753.01
2019-11-14,8651.15
2019-11-15,8453.89
2019-11-16,8453.89
2019-11-17,8555.38
2019-11-18,8218.67
2019-11-19,8108.09
2019-11-20,8087.79
2019-11-21,7598.7
2019-11-22,7343.85
2019-11-23,7343.85
2019-11-24,7050.0
2019-11-25,7214.3
2019-11-26,7113.51
2019-11-27,7550.08
2019-11-28,7564.94
2019-11-29,7710.34
2019-11-30,7710.34
2019-12-01,7381.45
2019-12-02,7319.36
2019-12-03,7329.85
2019-12-04,7187.39
2019-12-05,7379.66
2019-12-06,7469.48
2019-12-07,7469.48
2019-12-08,7546.9
2019-12-09,7356.78
2019-12-10,7222.09
2019-12-11,7191.95
2019-12-12,7200.62
2019-12-13,7240.62
2019-12-14,7240.62
2019-12-15,7120.76
2019-12-16,6876.58
2019-12-17,6616.45
2019-12-18,7131.58
2019-12-19,7157.05
2019-12-20,7198.73
2019-12-21,7198.73
2019-12-22,7407.05
2019-12-23,7319.77
2019-12-24,7246.81
2019-12-25,7211.27
2019-12-26,7189.08
2019-12-27,7219.5
2019-12-28,7219.5
2019-12-29,7388.48
2019-12-30,7243.35
2019-12-31,7158.27
2020-01-01,7216.21
2020-01-02,6960.58
2020-01-03,7269.82
2020-01-04,7269.82
2020-01-05,7363.55
2020-01-06,7575.93
2020-01-07,8021.36
2020-01-08,8004.26
2020-01-09,7786.84
2020-01-10,8043.69
2020-01-11,8101.99
2020-01-12,8099.1
2020-01-13,8131.06
2020-01-14,8736.16
2020-01-15,8821.69
2020-01-16,8678.8
2020-01-17,8906.32
2020-01-18,8914.28
2020-01-19,8718.75
2020-01-20,8671.68
2020-01-21,8721.88
2020-01-22,8640.65
2020-01-23,8382.87
2020-01-24,8406.05
2020-01-25,8406.05
2020-01-26,8406.05
2020-01-27,8406.05
2020-01-28,9042.56
2020-01-29,9354.7
2020-01-30,9552.18
2020-01-31,9354.29
2020-02-01,9358.74
2020-02-02,9443.43
2020-02-03,9274.19
2020-02-04,9139.77
2020-02-05,9687.28
2020-02-06,9737.36
2020-02-07,9744.46
2020-02-08,9925.58
2020-02-09,10077.63
2020-02-10,9866.28
2020-02-11,10236.53
2020-02-12,10389.08
2020-02-13,10180.13
2020-02-14,10344.55
2020-02-15,9924.7
2020-02-16,9773.09
2020-02-17,9646.95
2020-02-18,10154.96
2020-02-19,9612.05
2020-02-20,9610.56
2020-02-21,9674.01
2020-02-22,9697.32
2020-02-23,9885.42
2020-02-24,9606.78
2020-02-25,9383.9
2020-02-26,8747.24
2020-02-27,8757.31
2020-02-28,8671.27
2020-02-29,8633.36
2020-03-01,8512.54
2020-03-02,8945.93
2020-03-03,8738.3
2020-03-04,8732.24
2020-03-05,9115.82
2020-03-06,9138.35
2020-03-07,8892.79
2020-03-08,8079.07
2020-03-09,7861.2
2020-03-10,7999.1
2020-03-11,7863.14
2020-03-12,5725.35
2020-03-13,5434.09
2020-03-14,5334.27
2020-03-15,5177.49
2020-03-16,4904.48
2020-03-17,5469.8
2020-03-18,5338.27
2020-03-19,6254.32
2020-03-20,5971.92
2020-03-21,6336.94
2020-03-22,5937.7
2020-03-23,6414.54
2020-03-24,6752.28
2020-03-25,6598.56
2020-03-26,6744.69
2020-03-27,6683.67
2020-03-28,6258.91
2020-03-29,5949.89
2020-03-30,6477.56
2020-03-31,6481.37
2020-04-01,6351.21
2020-04-02,6749.37
2020-04-03,6703.55
2020-04-04,6843.81
2020-04-05,6761.43
2020-04-06,7231.12
2020-04-07,7118.23
2020-04-08,7325.08
2020-04-09,7306.08
2020-04-10,6920.1
2020-04-11,6796.91
2020-04-12,7122.4
2020-04-13,6828.62
2020-04-14,6873.41
2020-04-15,6752.45
2020-04-16,7060.08
2020-04-17,7060.14
2020-04-18,7233.21
2020-04-19,7150.37
2020-04-20,6868.11
2020-04-21,6894.6
2020-04-22,7119.34
2020-04-23,7541.59
2020-04-24,7533.88
2020-04-25,7553.5
2020-04-26,7651.93
2020-04-27,7708.12
2020-04-28,7736.85
2020-04-29,8933.48
2020-04-30,8826.56
2020-05-01,8734.2
2020-05-02,8934.5
2020-05-03,8848.36
2020-05-04,8921.68
2020-05-05,8951.51
2020-05-06,9250.9
2020-05-07,9801.31
2020-05-08,9998.9
2020-05-09,9649.88
2020-05-10,8675.29
2020-05-11,8636.21
2020-05-12,8824.98
2020-05-13,9300.04
2020-05-14,9656.61
2020-05-15,9241.91
2020-05-16,9381.42
2020-05-17,9738.8
2020-05-18,9677.73
2020-05-19,9690.24
2020-05-20,9588.55
2020-05-21,9056.92
2020-05-22,9181.0
2020-05-23,9235.17
2020-05-24,9001.5
2020-05-25,8914.38
2020-05-26,8859.07
2020-05-27,9163.42
2020-05-28,9446.84
2020-05-29,9415.96
2020-05-30,9440.21
2020-05-31,9505.38
2020-06-01,9680.19
2020-06-02,9522.85
2020-06-03,9583.65
2020-06-04,9783.87
2020-06-05,9712.33
2020-06-06,9706.0
2020-06-07,9732.43
2020-06-08,9702.87
2020-06-09,9749.6
2020-06-10,9867.63
2020-06-11,9340.86
2020-06-12,9463.3
2020-06-13,9403.53
2020-06-14,9382.05
2020-06-15,9481.06
2020-06-16,9494.7
2020-06-17,9374.04
2020-06-18,9343.09
2020-06-19,9315.35
2020-06-20,9318.47
2020-06-21,9310.9
2020-06-22,9645.06
2020-06-23,9629.89
2020-06-24,9288.58
2020-06-25,9275.81
2020-06-26,9190.26
2020-06-27,8946.51
2020-06-28,9109.76
2020-06-29,9180.36
2020-06-30,9147.09
2020-07-01,9239.05
2020-07-02,9082.38
2020-07-03,9092.7
2020-07-04,9131.21
2020-07-05,9013.96
2020-07-06,9277.06
2020-07-07,9254.79
2020-07-08,9430.25
2020-07-09,9237.04
2020-07-10,9235.1
2020-07-11,9217.05
2020-07-12,9232.34
2020-07-13,9249.8
2020-07-14,9272.83
2020-07-15,9213.7
2020-07-16,9103.61
2020-07-17,9157.69
2020-07-18,9179.26
2020-07-19,9171.94
2020-07-20,9175.47
2020-07-21,9376.53
2020-07-22,9377.3
2020-07-23,9593.77
2020-07-24,9629.62
2020-07-25,9729.45
2020-07-26,9895.63
2020-07-27,10891.81
2020-07-28,10981.18
2020-07-29,11222.15
2020-07-30,11150.47
2020-07-31,11345.63
2020-08-01,11847.66
2020-08-02,11090.63
2020-08-03,11383.53
2020-08-04,11214.45
2020-08-05,11692.68
2020-08-06,11851.58
2020-08-07,11575.83
2020-08-08,11716.3
2020-08-09,11679.9
2020-08-10,11859.27
2020-08-11,11212.89
2020-08-12,11565.95
2020-08-13,11615.32
2020-08-14,11770.13
2020-08-15,11870.5
2020-08-16,11849.5
2020-08-17,12327.23
2020-08-18,12030.11
2020-08-19,11715.31
2020-08-20,11863.08
2020-08-21,11621.41
2020-08-22,11608.04
2020-08-23,11669.22
2020-08-24,11731.2
2020-08-25,11265.47
2020-08-26,11513.5
2020-08-27,11267.05
2020-08-28,11502.58
2020-08-29,11518.05
2020-08-30,11640.79
2020-08-31,11678.6
2020-09-01,12022.35
2020-09-02,11375.47
2020-09-03,10785.86
2020-09-04,10606.46
2020-09-05,10086.94
2020-09-06,10236.79
2020-09-07,10154.11
2020-09-08,10016.81
2020-09-09,10259.62
2020-09-10,10307.29
2020-09-11,10329.82
2020-09-12,10441.8
2020-09-13,10318.18
2020-09-14,10694.29
2020-09-15,10867.34
2020-09-16,10998.05
2020-09-17,10937.41
2020-09-18,10890.68
2020-09-19,11093.84
2020-09-20,10858.0
2020-09-21,10479.79
2020-09-22,10516.06
2020-09-23,10224.14
2020-09-24,10631.74
2020-09-25,10717.46
2020-09-26,10720.88
2020-09-27,10725.25
2020-09-28,10871.25
2020-09-29,10756.95
2020-09-30,10706.95
2020-10-01,10606.06
2020-10-02,10547.65
2020-10-03,10572.62
2020-10-04,10650.02
2020-10-05,10741.28
2020-10-06,10549.5
2020-10-07,10661.08
2020-10-08,10898.05
2020-10-09,11041.96
2020-10-10,11367.8
2020-10-11,11332.36
2020-10-12,11568.4
2020-10-13,11434.88
2020-10-14,11393.36
2020-10-15,11545.26
2020-10-16,11319.41
2020-10-17,11354.91
2020-10-18,11445.83
2020-10-19,11735.13
2020-10-20,11904.78
2020-10-21,12855.5
2020-10-22,13124.02
2020-10-23,12942.9
2020-10-24,13113.04
2020-10-25,13036.88
2020-10-26,13019.83
2020-10-27,13620.54
2020-10-28,13213.48
2020-10-29,13486.71
2020-10-30,13639.46
2020-10-31,13850.1
2020-11-01,13823.15
2020-11-02,13619.76
2020-11-03,13741.48
2020-11-04,14008.75
2020-11-05,15243.85
2020-11-06,15553.32
2020-11-07,14837.0
2020-11-08,15342.02
2020-11-09,15387.48
2020-11-10,15389.01
2020-11-11,15831.57
2020-11-12,16159.74
2020-11-13,16294.47
2020-11-14,16008.29
2020-11-15,15857.79
2020-11-16,16704.72
2020-11-17,17639.21
2020-11-18,17786.57
2020-11-19,17946.04
2020-11-20,18589.49
2020-11-21,18670.93
2020-11-22,18597.77
2020-11-23,18422.02
2020-11-24,18944.86
2020-11-25,18880.69
2020-11-26,17055.5
2020-11-27,17005.85
2020-11-28,17763.11
2020-11-29,18270.66
2020-11-30,19378.61
2020-12-01,19055.69
2020-12-02,19156.67
2020-12-03,19462.14
2020-12-04,18825.45
2020-12-05,19020.64
2020-12-06,19248.35
2020-12-07,19084.67
2020-12-08,18773.5
2020-12-09,18520.56
2020-12-10,18349.98
2020-12-11,18101.38
2020-12-12,18800.18
2020-12-13,19178.3
2020-12-14,19199.17
2020-12-15,19424.24
2020-12-16,21206.36
2020-12-17,22779.13
2020-12-18,22901.2
2020-12-19,23992.92
2020-12-20,23385.77
2020-12-21,23142.45
2020-12-22,23437.95
2020-12-23,23297.72
2020-12-24,23405.27
2020-12-25,24411.43
2020-12-26,26670.1
2020-12-27,26385.71
2020-12-28,26599.22
2020-12-29,26895.14
2020-12-30,28904.39
2020-12-31,28996.28
2021-01-01,29250.59
2021-01-02,31702.36
2021-01-03,33591.73
2021-01-04,31037.38
2021-01-05,33792.24
2021-01-06,35939.27
2021-01-07,39733.0
2021-01-08,40040.7
2021-01-09,40858.59
2021-01-10,38048.82
2021-01-11,33964.38
2021-01-12,34712.73
2021-01-13,37283.48
2021-01-14,38765.5
2021-01-15,36261.52
2021-01-16,35935.02
2021-01-17,36533.95
2021-01-18,36234.13
2021-01-19,36489.64
2021-01-20,34913.07
2021-01-21,31217.0
2021-01-22,33322.33
2021-01-23,32366.47
2021-01-24,31932.47
2021-01-25,32701.29
2021-01-26,32017.04
2021-01-27,31005.85
2021-01-28,33248.02
2021-01-29,34641.09
2021-01-30,34694.89
2021-01-31,32601.26
2021-02-01,33664.82
2021-02-02,35687.9
2021-02-03,37294.95
2021-02-04,37681.13
2021-02-05,37858.84
2021-02-06,40093.11
2021-02-07,38590.04
2021-02-08,44691.74
2021-02-09,47335.77
2021-02-10,45039.51
2021-02-11,46931.97
2021-02-12,47947.17
2021-02-13,47177.95
2021-02-14,48865.24
2021-02-15,48203.45
2021-02-16,48585.51
2021-02-17,52400.42
2021-02-18,52037.53
2021-02-19,55629.08
2021-02-20,56537.03
2021-02-21,57355.29
2021-02-22,54938.64
2021-02-23,47962.92
2021-02-24,48758.53
2021-02-25,48083.51
2021-02-26,45672.06
2021-02-27,46864.06
2021-02-28,45248.24
2021-03-01,48856.4
2021-03-02,47451.1
2021-03-03,50952.74
2021-03-04,47918.88
2021-03-05,49053.13
2021-03-06,48602.01
2021-03-07,50107.87
2021-03-08,51878.94
2021-03-09,54320.06
2021-03-10,56931.78
2021-03-11,57624.02
2021-03-12,56965.96
2021-03-13,61078.03
2021-03-14,60273.94
2021-03-15,56414.61
2021-03-16,56388.15
2021-03-17,57751.66
2021-03-18,57501.51
2021-03-19,58410.01
2021-03-20,58541.76
2021-03-21,57813.39
2021-03-22,54554.83
2021-03-23,54447.56
2021-03-24,54050.57
2021-03-25,52001.01
2021-03-26,54002.49
2021-03-27,55887.89
2021-03-28,54845.71
2021-03-29,57234.35
2021-03-30,58673.67
2021-03-31,58960.2
2021-04-01,58859.78
2021-04-02,58674.76
2021-04-03,58064.8
2021-04-04,58044.39
2021-04-05,58799.14
2021-04-06,58243.87
2021-04-07,56227.64
2021-04-08,57679.16
2021-04-09,58333.6
2021-04-10,58568.57
2021-04-11,59674.92
2021-04-12,59977.92
2021-04-13,63193.56
2021-04-14,62384.19
2021-04-15,63410.29
2021-04-16,62005.42
2021-04-17,60870.13
2021-04-18,56291.89
2021-04-19,56210.89
2021-04-20,56800.5
2021-04-21,54996.31
2021-04-22,51593.44
2021-04-23,50567.72
2021-04-24,50984.81
2021-04-25,48122.24
2021-04-26,53262.87
2021-04-27,55192.62
2021-04-28,54438.68
2021-04-29,52990.9
2021-04-30,56814.44
2021-05-01,57725.77
2021-05-02,57042.24
2021-05-03,56811.66
2021-05-04,54770.39
2021-05-05,56895.44
2021-05-06,55955.47
2021-05-07,57684.39
2021-05-08,59004.37
2021-05-09,57931.38
2021-05-10,55308.81
2021-05-11,56911.32
2021-05-12,54482.81
2021-05-13,49312.81
2021-05-14,49193.56
2021-05-15,48242.61
2021-05-16,44098.92
2021-05-17,44816.08
2021-05-18,43294.36
2021-05-19,38336.11
2021-05-20,40078.49
2021-05-21,35251.36
2021-05-22,38084.88
2021-05-23,33700.55
2021-05-24,39024.16
2021-05-25,37646.5
2021-05-26,38774.5
2021-05-27,38495.29
2021-05-28,35218.36
2021-05-29,34269.86
2021-05-30,36081.09
2021-05-31,36690.89
2021-06-01,36322.98
2021-06-02,37745.13
2021-06-03,38705.27
2021-06-04,37056.79
2021-06-05,35854.31
2021-06-06,35978.7
2021-06-07,34457.74
2021-06-08,33629.96
2021-06-09,36408.39
2021-06-10,36494.56
2021-06-11,37152.15
2021-06-12,36020.18
2021-06-13,39260.32
2021-06-14,39831.58
2021-06-15,39948.77
2021-06-16,38532.5
2021-06-17,37747.52
2021-06-18,35517.31
2021-06-19,36119.11
2021-06-20,35823.29
2021-06-21,32582.59
2021-06-22,32903.52
2021-06-23,33059.18
2021-06-24,34859.9
2021-06-25,32215.31
2021-06-26,31305.79
2021-06-27,32635.76
2021-06-28,34677.77
2021-06-29,36168.2
2021-06-30,34585.0
2021-07-01,33422.0
2021-07-02,33142.64
2021-07-03,34728.55
2021-07-04,35547.25
2021-07-05,33855.36
2021-07-06,33957.11
2021-07-07,34544.86
2021-07-08,32815.73
2021-07-09,33522.57
2021-07-10,33332.25
2021-07-11,33854.3
2021-07-12,32849.59
2021-07-13,32508.34
2021-07-14,32813.83
2021-07-15,31758.37
2021-07-16,31842.51
2021-07-17,31737.26
2021-07-18,31652.45
2021-07-19,30776.39
2021-07-20,29865.53
2021-07-21,31818.67
2021-07-22,32247.75
2021-07-23,32500.7
2021-07-24,33939.65
2021-07-25,34483.2
2021-07-26,37751.68
2021-07-27,38044.5
2021-07-28,39985.95
2021-07-29,39722.08
2021-07-30,40689.27
2021-07-31,41540.22
2021-08-01,41268.06
2021-08-02,38856.63
2021-08-03,38072.95
2021-08-04,39754.38
2021-08-05,40899.36
2021-08-06,42719.51
2021-08-07,43975.95
2021-08-08,43867.4
2021-08-09,45464.51
2021-08-10,45642.9
2021-08-11,46345.49
2021-08-12,44480.11
2021-08-13,47609.88
2021-08-14,46666.78
2021-08-15,46718.33
2021-08-16,46078.11
2021-08-17,44992.1
2021-08-18,44546.67
2021-08-19,46587.99
2021-08-20,48668.03
2021-08-21,49011.76
2021-08-22,48414.22
2021-08-23,49515.08
2021-08-24,48345.65
2021-08-25,48712.63
2021-08-26,47036.43
2021-08-27,48921.81
2021-08-28,48755.08
2021-08-29,48925.24
2021-08-30,48648.9
2021-08-31,47008.53
2021-09-01,48272.51
2021-09-02,49562.1
2021-09-03,50152.52
2021-09-04,50182.7
2021-09-05,51668.21
2021-09-06,51934.74
2021-09-07,46819.01
2021-09-08,46060.72
2021-09-09,46256.1
2021-09-10,45077.81
2021-09-11,45319.68
2021-09-12,45089.47
2021-09-13,45187.52
2021-09-14,46828.18
2021-09-15,47941.58
2021-09-16,47149.38
2021-09-17,46990.35
2021-09-18,47994.88
2021-09-19,47601.08
2021-09-20,43537.86
2021-09-21,40926.74
2021-09-22,43451.15
2021-09-23,44710.2
2021-09-24,42981.54
2021-09-25,42678.81
2021-09-26,43651.76
2021-09-27,42706.99
2021-09-28,41785.9
2021-09-29,41125.06
2021-09-30,43436.35
2021-10-01,48132.9
2021-10-02,48019.13
2021-10-03,48464.31
2021-10-04,49006.15
2021-10-05,51474.19
2021-10-06,54936.9
2021-10-07,54184.24
2021-10-08,53993.31
2021-10-09,54670.87
2021-10-10,55435.21
2021-10-11,57341.5
2021-10-12,55362.51
2021-10-13,56982.87
2021-10-14,57443.04
2021-10-15,62526.67
2021-10-16,61014.11
2021-10-17,59400.14
2021-10-18,61367.44
2021-10-19,64121.31
2021-10-20,65996.35
2021-10-21,62680.43
2021-10-22,60726.01
2021-10-23,61124.51
2021-10-24,61159.77
2021-10-25,62544.64
2021-10-26,62096.9
2021-10-27,58924.76
2021-10-28,61395.58
2021-10-29,62395.66
2021-10-30,61682.78
2021-10-31,60975.98
2021-11-01,60727.52
2021-11-02,63141.03
2021-11-03,62776.06
2021-11-04,61365.05
2021-11-05,60976.2
2021-11-06,61201.83
2021-11-07,62884.45
2021-11-08,66138.54
2021-11-09,67734.04
2021-11-10,64293.61
2021-11-11,65069.89
2021-11-12,64100.68
2021-11-13,64367.64
2021-11-14,64336.55
2021-11-15,63899.88
2021-11-16,60488.5
2021-11-17,60117.19
2021-11-18,57595.39
2021-11-19,57869.63
2021-11-20,59651.08
2021-11-21,59541.76
2021-11-22,56278.01
2021-11-23,57709.14
2021-11-24,57331.67
2021-11-25,58855.15
2021-11-26,54019.74
2021-11-27,54625.03
2021-11-28,56341.89
2021-11-29,58316.89
2021-11-30,57138.67
2021-12-01,57029.49
2021-12-02,56903.45
2021-12-03,53655.27
2021-12-04,48765.22
2021-12-05,49229.81
2021-12-06,50120.56
2021-12-07,50527.72
2021-12-08,50635.11
2021-12-09,47997.76
2021-12-10,47952.18
2021-12-11,48813.56
2021-12-12,49965.29
2021-12-13,46828.95
2021-12-14,48310.62
2021-12-15,49192.58
2021-12-16,48111.68
2021-12-17,46873.03
2021-12-18,46971.17
2021-12-19,46741.79
2021-12-20,46987.56
2021-12-21,49106.42
2021-12-22,49073.95
2021-12-23,50849.2
2021-12-24,50908.79
2021-12-25,50986.51
2021-12-26,50808.21
2021-12-27,50989.1
2021-12-28,47561.31
2021-12-29,47232.15
2021-12-30,47298.35
2021-12-31,46333.65
2022-01-01,47333.2
2022-01-02,47028.52
2022-01-03,45997.26
2022-01-04,46220.42
2022-01-05,43603.88
2022-01-06,43120.88
2022-01-07,41881.75
2022-01-08,41788.38
2022-01-09,42315.13
2022-01-10,41729.31
2022-01-11,42687.27
2022-01-12,43793.81
2022-01-13,42828.59
2022-01-14,43321.7
2022-01-15,43333.72
2022-01-16,42982.4
2022-01-17,41743.99
2022-01-18,42395.22
2022-01-19,41724.22
2022-01-20,41326.77
2022-01-21,36692.38
2022-01-22,35402.77
2022-01-23,35364.47
2022-01-24,36828.36
2022-01-25,36579.75
2022-01-26,36356.7
2022-01-27,36198.95
2022-01-28,37807.95
2022-01-29,38388.74
2022-01-30,37754.4
2022-01-31,38437.84
2022-02-01,38813.82
2022-02-02,36936.93
2022-02-03,36964.58
2022-02-04,40647.25
2022-02-05,41673.4
2022-02-06,41687.25
2022-02-07,44102.99
2022-02-08,44230.11
2022-02-09,44497.51
2022-02-10,43776.42
2022-02-11,42563.24
2022-02-12,41899.77
2022-02-13,42228.76
2022-02-14,42249.01
2022-02-15,43999.15
2022-02-16,44092.86
2022-02-17,40699.63
2022-02-18,39991.9
2022-02-19,39942.63
2022-02-20,38252.4
2022-02-21,37076.09
2022-02-22,37893.47
2022-02-23,37543.5
2022-02-24,38414.95
2022-02-25,38994.5
2022-02-26,39480.74
2022-02-27,37435.48
2022-02-28,41654.97
2022-03-01,43900.24
2022-03-02,44090.72
2022-03-03,42096.97
2022-03-04,39393.7
2022-03-05,39380.38
2022-03-06,39030.04
2022-03-07,37839.36
2022-03-08,38506.43
2022-03-09,41893.74
2022-03-10,39329.95
2022-03-11,38860.7
2022-03-12,39102.38
2022-03-13,38687.43
2022-03-14,38725.24
2022-03-15,39441.9
2022-03-16,41258.79
2022-03-17,40724.56
2022-03-18,41755.9
2022-03-19,42219.42
2022-03-20,41308.02
2022-03-21,41136.88
2022-03-22,42606.24
2022-03-23,42368.58
2022-03-24,43895.65
2022-03-25,44577.76
2022-03-26,44590.9
2022-03-27,46111.06
2022-03-28,47967.56
2022-03-29,47486.26
2022-03-30,47277.24
2022-03-31,45767.58
2022-04-01,46168.58
2022-04-02,46196.63
2022-04-03,46387.63
2022-04-04,46311.76
2022-04-05,45868.99
2022-04-06,43885.38
2022-04-07,43577.22
2022-04-08,42815.77
2022-04-09,42447.77
2022-04-10,43125.15
2022-04-11,39846.47
2022-04-12,39534.08
2022-04-13,41254.52
2022-04-14,39915.93
2022-04-15,40404.52
2022-04-16,40294.88
2022-04-17,40273.09
2022-04-18,40673.67
2022-04-19,41297.9
2022-04-20,41430.79
2022-04-21,40615.45
2022-04-22,39621.31
2022-04-23,39808.74
2022-04-24,39515.9
2022-04-25,40186.18
2022-04-26,38123.52
2022-04-27,39106.93
2022-04-28,39889.27
2022-04-29,38560.04
2022-04-30,38334.7
2022-05-01,38320.24
2022-05-02,38312.41
2022-05-03,37784.82
2022-05-04,39800.33
2022-05-05,36456.02
2022-05-06,36077.29
2022-05-07,35768.23
2022-05-08,34225.04
2022-05-09,30959.3
2022-05-10,31000.83
2022-05-11,28402.78
2022-05-12,28546.25
2022-05-13,29760.13
2022-05-14,29341.75
2022-05-15,31019.19
2022-05-16,29908.75
2022-05-17,30077.8
2022-05-18,29205.89
2022-05-19,30231.08
2022-05-20,29117.13
2022-05-21,29391.93
2022-05-22,29907.98
2022-05-23,29314.55
2022-05-24,29438.3
2022-05-25,29764.46
2022-05-26,29437.55
2022-05-27,28728.9
2022-05-28,28999.04
2022-05-29,29160.07
2022-05-30,31257.74
2022-05-31,31788.28
2022-06-01,29621.61
2022-06-02,30225.18
2022-06-03,29640.5
2022-06-04,29733.76
2022-06-05,29925.66
2022-06-06,31438.72
2022-06-07,31330.81
2022-06-08,30179.77
2022-06-09,30161.34
2022-06-10,29177.39
2022-06-11,28380.38
2022-06-12,27345.79
2022-06-13,23209.61
2022-06-14,21966.38
2022-06-15,21640.29
2022-06-16,20677.24
2022-06-17,20630.54
2022-06-18,17785.09
2022-06-19,20607.54
2022-06-20,20427.23
2022-06-21,20838.45
2022-06-22,19857.05
2022-06-23,20795.38
2022-06-24,21183.82
2022-06-25,21214.51
2022-06-26,21392.35
2022-06-27,20898.65
2022-06-28,20247.7
2022-06-29,20197.75
2022-06-30,18731.3
2022-07-01,19295.19
